name,slug,description,price,sale_price,image_url,images,is_personalizable,in_stock,stock_quantity,sku,status,weight_kg,tags,color_variants,size_variants
DIAMOND SET 002,diamond-set-002,"A luxurious corporate gift set curated for maximum impact. Features premium matching accessories presented in an elegant box. Perfect for executive gifting, client appreciation, and employee milestones.",2920,,,[],TRUE,TRUE,100,SET-001,published,0.5,"[""corporate"",""gift set"",""premium""]","[""BLACK"",""RED"",""BLUE AND GREEN""]",[]
ECO-MID PEN SET,eco-mid-pen-set,"A luxurious corporate gift set curated for maximum impact. Features premium matching accessories presented in an elegant box. Perfect for executive gifting, client appreciation, and employee milestones.",780,,,[],TRUE,TRUE,100,SET-002,published,0.5,"[""corporate"",""gift set"",""premium""]","[""WHITE"",""GREEN"",""BLUE"",""ORANGE AND GREY""]",[]
notebook code 500,notebook-code-500,"An elegant and professional A5 executive notebook. Features a premium finish, secure closure, and high-quality lined pages. The perfect corporate gift for meetings, journaling, and daily organization.",385,,,[],TRUE,TRUE,100,NBK-003,published,0.5,"[""corporate"",""notebook"",""stationery""]","[""black"",""yellow"",""cyan"",""purple"",""grey"",""Navy blue and royal blue""]",[]
CR015 CRYSTAL AWARD,cr015-crystal-award,"A stunning crystal award crafted with precision and elegance. Ideal for recognizing employee excellence, corporate milestones, and distinguished achievement. Fully customizable with your logo or engraving.",5500,,,[],TRUE,TRUE,100,AWD-004,published,0.5,"[""corporate"",""award"",""trophy"",""crystal"",""recognition""]",[],[]
E545 NOTEBOOK,e545-notebook,"An elegant and professional A5 executive notebook. Features a premium finish, secure closure, and high-quality lined pages. The perfect corporate gift for meetings, journaling, and daily organization.",450,,,[],TRUE,TRUE,100,NBK-005,published,0.5,"[""corporate"",""notebook"",""stationery""]","[""RED"",""BLACK"",""GRAY AND GREEN""]",[]
GOLD BAR NOTEBOOK,gold-bar-notebook,"An elegant and professional A5 executive notebook. Features a premium finish, secure closure, and high-quality lined pages. The perfect corporate gift for meetings, journaling, and daily organization.",450,,,[],TRUE,TRUE,100,NBK-006,published,0.5,"[""corporate"",""notebook"",""stationery""]","[""BLUE"",""RED"",""GREY"",""GREEN AND BROWN""]",[]
SKIN FEEL SET 030,skin-feel-set-030,"A luxurious corporate gift set curated for maximum impact. Features premium matching accessories presented in an elegant box. Perfect for executive gifting, client appreciation, and employee milestones.",2380,,,[],TRUE,TRUE,100,SET-007,published,0.5,"[""corporate"",""gift set"",""premium""]","[""blue"",""red and black""]",[]
KNY-16 CRYSTAL AWARD,kny-16-crystal-award,"A stunning crystal award crafted with precision and elegance. Ideal for recognizing employee excellence, corporate milestones, and distinguished achievement. Fully customizable with your logo or engraving.",4000,,,[],TRUE,TRUE,100,AWD-008,published,0.5,"[""corporate"",""award"",""trophy"",""crystal"",""recognition""]",[],[]
WOODSIDE ECO-NOTEBOOK.,woodside-eco-notebook,"An eco-friendly, premium executive notebook designed for professionals who value sustainability. Features high-quality pages and a stunning, durable cover for all your planning and journaling needs.",400,,,[],TRUE,TRUE,100,NBK-009,published,0.5,"[""corporate"",""notebook"",""stationery""]","[""BLACK"",""WHITE"",""BLUE"",""RED"",""GREY"",""ORANGE"",""GREEN"",""BROWN""]",[]
LADY LUCK & GENTLE JACK GIFT BOX,lady-luck-gentle-jack-gift-box,"A premium, sturdy gift box designed to elevate any present. Features an elegant finish and secure closure to ensure your gift makes a stunning first impression before it is even opened.",1000,,,[],TRUE,TRUE,100,BOX-010,published,0.5,"[""corporate"",""gift box"",""packaging""]",[],"[""Lady luck size L-33cm W-25cm H-12cm Gentle jack size L- 38cm W- 26cm H-13cm""]"
Notebook code638-25,notebook-code638-25,"An elegant and professional A5 executive notebook. Features a premium finish, secure closure, and high-quality lined pages. The perfect corporate gift for meetings, journaling, and daily organization.",400,,,[],TRUE,TRUE,100,NBK-011,published,0.5,"[""corporate"",""notebook"",""stationery""]","[""black"",""red"",""green"",""blue"",""light blue"",""grey and brown""]",[]
clock 1676,clock-1676,A premium executive accessory designed to add a touch of elegance to any office desk or home workspace. Crafted with attention to detail and high-quality materials.,2000,,,[],TRUE,TRUE,100,CLK-012,published,0.5,"[""corporate""]",[],[]
KNY-001 CRYSTAL AWARD,kny-001-crystal-award,"A stunning crystal award crafted with precision and elegance. Ideal for recognizing employee excellence, corporate milestones, and distinguished achievement. Fully customizable with your logo or engraving.",3200,,,[],TRUE,TRUE,100,AWD-013,published,0.5,"[""corporate"",""award"",""trophy"",""crystal"",""recognition""]",[],[]
ITALIAN DESIGN PEN CASES,italian-design-pen-cases,A premium executive accessory designed to add a touch of elegance to any office desk or home workspace. Crafted with attention to detail and high-quality materials.,500,,,[],TRUE,TRUE,100,ACC-014,published,0.5,"[""corporate""]",[],[]
SUBLIMATION FRIDGE MAGNETS,sublimation-fridge-magnets,A premium executive accessory designed to add a touch of elegance to any office desk or home workspace. Crafted with attention to detail and high-quality materials.,160,,,[],TRUE,TRUE,100,ACC-015,published,0.5,"[""corporate""]","[""SILVER"",""GOLD AND BLACK""]",[]
Code 002 Plastic Pens,code-002-plastic-pens,"A high-quality, professional executive pen designed for smooth writing. Perfect for corporate branding, daily office use, and client gifting.",35,,,[],TRUE,TRUE,100,PEN-016,published,0.5,"[""corporate"",""pen"",""stationery"",""branding""]","[""Green"",""Blue"",""White"",""Red""]",[]
Dual Thermal Flask,dual-thermal-flask,"A premium thermal flask designed to maintain the perfect temperature for your hot or cold beverages. Crafted for durability and style, making it an excellent companion for the office or outdoor adventures.",700,,,[],TRUE,TRUE,100,FLK-039,published,0.5,"[""corporate"",""flask"",""drinkware""]","[""Black"",""Red"",""Blue"",""White"",""Grey"",""Pink""]",[]
545 Set,545-set,"A luxurious corporate gift set curated for maximum impact. Features premium matching accessories presented in an elegant box. Perfect for executive gifting, client appreciation, and employee milestones.",900,,,[],TRUE,TRUE,100,SET-040,published,0.5,"[""corporate"",""gift set"",""premium""]","[""Gray"",""Red"",""Blue"",""Green""]",[]
KNY-21 Crystal Award,kny-21-crystal-award,"A stunning crystal award crafted with precision and elegance. Ideal for recognizing employee excellence, corporate milestones, and distinguished achievement. Fully customizable with your logo or engraving.",4100,,,[],TRUE,TRUE,100,AWD-041,published,0.5,"[""corporate"",""award"",""trophy"",""crystal"",""recognition""]",[],[]
KNY-4 Crystal Award,kny-4-crystal-award,"A stunning crystal award crafted with precision and elegance. Ideal for recognizing employee excellence, corporate milestones, and distinguished achievement. Fully customizable with your logo or engraving.",3200,,,[],TRUE,TRUE,100,AWD-042,published,0.5,"[""corporate"",""award"",""trophy"",""crystal"",""recognition""]",[],[]
Round Buckle Pen Set,round-buckle-pen-set,"A luxurious corporate gift set curated for maximum impact. Features premium matching accessories presented in an elegant box. Perfect for executive gifting, client appreciation, and employee milestones.",1000,,,[],TRUE,TRUE,100,SET-043,published,0.5,"[""corporate"",""gift set"",""premium""]","[""Black"",""Grey"",""Navy Blue"",""Green"",""Red""]",[]
Metal Black Keyring,metal-black-keyring,"A premium customized keyring crafted with care. An excellent personalized accessory for your keys, making it a thoughtful small corporate gift or personal keepsake.",120,,,[],TRUE,TRUE,100,ACC-044,published,0.5,"[""corporate""]",[],"[""Rectangle""]"
A4 Handle Gift Box,a4-handle-gift-box,"A premium, sturdy gift box designed to elevate any present. Features an elegant finish and secure closure to ensure your gift makes a stunning first impression before it is even opened.",650,,,[],TRUE,TRUE,100,BOX-045,published,0.5,"[""corporate"",""gift box"",""packaging""]","[""Black"",""Baby Blue"",""Gold"",""Red"",""Silver"",""Blue""]","[""L-33cm H-12cm W-25cm""]"
0131A Crystal Awards,0131a-crystal-awards,"A stunning crystal award crafted with precision and elegance. Ideal for recognizing employee excellence, corporate milestones, and distinguished achievement. Fully customizable with your logo or engraving.",2800,,,[],TRUE,TRUE,100,AWD-046,published,0.5,"[""corporate"",""award"",""trophy"",""crystal"",""recognition""]",[],[]
500ml Skinfeel Thermal Flasks,500ml-skinfeel-thermal-flasks,A premium 500ml insulated thermal flask with a soft-touch skin-feel finish. Keeps drinks hot or cold for hours.,650,,,[],TRUE,TRUE,100,FLK-259,published,0.5,"[""corporate"", ""flask"", ""drinkware""]","[""RED"", ""BLACK"", ""GREY"", ""JUNGLE GREEN"", ""NAVY BLUE"", ""TORQUISE"", ""WHITE"", ""ROYAL BLUE""]",[]
1000ml Flask,1000ml-flask,"A premium thermal flask designed to maintain the perfect temperature for your hot or cold beverages. Crafted for durability and style, making it an excellent companion for the office or outdoor adventures.",950,,,[],TRUE,TRUE,100,FLK-047,published,0.5,"[""corporate"",""flask"",""drinkware""]","[""Black"",""White"",""Blue"",""Red"",""Orange"",""Yellow""]",[]
Wooden Base and Top Gift Set 001,wooden-base-and-top-gift-set-001,"A luxurious corporate gift set curated for maximum impact. Features premium matching accessories presented in an elegant box. Perfect for executive gifting, client appreciation, and employee milestones.",2650,,,[],TRUE,TRUE,100,SET-048,published,0.5,"[""corporate"",""gift set"",""premium""]","[""Red"",""Green"",""Black"",""Blue"",""Grey""]",[]
Wine Tumbler,wine-tumbler,"A premium thermal flask designed to maintain the perfect temperature for your hot or cold beverages. Crafted for durability and style, making it an excellent companion for the office or outdoor adventures.",750,,,[],TRUE,TRUE,100,FLK-049,published,0.5,"[""corporate"",""flask"",""drinkware""]","[""Orange"",""Mocka""]",[]
Executive Matte Plastic Pens,executive-matte-plastic-pens,"A high-quality, professional executive pen designed for smooth writing. Perfect for corporate branding, daily office use, and client gifting.",20,,,[],TRUE,TRUE,100,PEN-233,published,0.5,"[""corporate"", ""pen"", ""stationery"", ""branding""]","[""RED"", ""BLUE"", ""BROWN"", ""LIGHT BLUE"", ""GREEN"", ""BLACK"", ""WHITE"", ""YELLOW"", ""LIGHT GREEN"", ""ORANGE""]",[]
CR006 Crystal Award,cr006-crystal-award,"A stunning crystal award crafted with precision and elegance. Ideal for recognizing employee excellence, corporate milestones, and distinguished achievement. Fully customizable with your logo or engraving.",4950,,,[],TRUE,TRUE,100,AWD-050,published,0.5,"[""corporate"",""award"",""trophy"",""crystal"",""recognition""]",[],[]
0157A Crystal Award,0157a-crystal-award,"A stunning crystal award crafted with precision and elegance. Ideal for recognizing employee excellence, corporate milestones, and distinguished achievement. Fully customizable with your logo or engraving.",4945,,,[],TRUE,TRUE,100,AWD-027,published,0.5,"[""corporate"",""award"",""trophy"",""crystal"",""recognition""]",[],[]
Radisson,radisson,"A high-quality, professional executive pen designed for smooth writing. Perfect for corporate branding, daily office use, and client gifting.",20,,,[],TRUE,TRUE,100,PEN-234,published,0.5,"[""corporate"", ""pen"", ""stationery""]","[""GREEN"", ""BLACK"", ""WHITE"", ""SILVER"", ""BLUE"", ""YELLOW"", ""RED""]",[]
Notebook Code: E113,notebook-code-e113,"An elegant and professional executive notebook. Features a premium finish, secure closure, and high-quality lined pages. Perfect for meetings, journaling, and daily organization.",550,,,[],TRUE,TRUE,100,NBK-246,published,0.5,"[""corporate"", ""notebook"", ""stationery""]","[""BLACK"", ""GREY"", ""GREEN"", ""MINT GREEN"", ""BLUE"", ""NAVY BLUE""]",[]
Executive Classy Cardholders,executive-classy-cardholders,A premium executive accessory designed to add a touch of elegance to any office desk or home workspace. Crafted with attention to detail and high-quality materials.,250,,,[],TRUE,TRUE,100,ACC-051,published,0.5,"[""corporate""]","[""Brown"",""Grey""]",[]
A248 Crystal Award,a248-crystal-award,"A stunning crystal award crafted with precision and elegance. Ideal for recognizing employee excellence, corporate milestones, and distinguished achievement. Fully customizable with your logo or engraving.",3500,,,[],TRUE,TRUE,100,AWD-052,published,0.5,"[""corporate"",""award"",""trophy"",""crystal"",""recognition""]",[],[]
Notebook Code :E120,notebook-code-e120,"An elegant and professional executive notebook. Features a premium finish, secure closure, and high-quality lined pages. Perfect for meetings, journaling, and daily organization.",400,,,[],TRUE,TRUE,100,NBK-245,published,0.5,"[""corporate"", ""notebook"", ""stationery""]","[""RED"", ""BLACK"", ""BLUE""]",[]
Executive 2 Ring Rubber Pen,executive-2-ring-rubber-pen,"A high-quality, professional executive pen designed for smooth writing. Perfect for corporate branding, daily office use, and client gifting.",100,,,[],TRUE,TRUE,100,PEN-235,published,0.5,"[""corporate"", ""pen"", ""stationery""]","[""LIGHT BLUE"", ""INDIGO"", ""RED"", ""MINT"", ""VIOLET"", ""YELLOW"", ""LIGHT GREEN"", ""GREY"", ""BLUE"", ""WHITE""]",[]
750 ml Skinfeel Thermal Flask,750-ml-skinfeel-thermal-flask,"A premium thermal flask designed to maintain the perfect temperature for your hot or cold beverages. Crafted for durability and style, making it an excellent companion for the office or outdoor adventures.",950,,,[],TRUE,TRUE,100,FLK-053,published,0.5,"[""corporate"",""flask"",""drinkware""]","[""White"",""Blue"",""Red""]",[]
Dual Flask Giftset 021,dual-flask-giftset-021,"A luxurious corporate gift set curated for maximum impact. Features premium matching accessories presented in an elegant box. Perfect for executive gifting, client appreciation, and employee milestones.",2370,,,[],TRUE,TRUE,100,SET-054,published,0.5,"[""corporate"",""gift set"",""premium""]","[""Black"",""Blue"",""Grey""]",[]
Cork Bottom Gift Set 002,cork-bottom-gift-set-002,"A luxurious corporate gift set curated for maximum impact. Features premium matching accessories presented in an elegant box. Perfect for executive gifting, client appreciation, and employee milestones.",2590,,,[],TRUE,TRUE,100,SET-055,published,0.5,"[""corporate"",""gift set"",""premium""]","[""Orange"",""Red"",""Blue"",""Grey"",""Green"",""White"",""Black""]",[]
clock 22190,clock-22190,A premium executive accessory designed to add a touch of elegance to any office desk or home workspace. Crafted with attention to detail and high-quality materials.,1000,,,[],TRUE,TRUE,100,CLK-056,published,0.5,"[""corporate""]",[],[]
CR004 Crystal Award,cr004-crystal-award,"A stunning crystal award crafted with precision and elegance. Ideal for recognizing employee excellence, corporate milestones, and distinguished achievement. Fully customizable with your logo or engraving.",3200,,,[],TRUE,TRUE,100,AWD-057,published,0.5,"[""corporate"",""award"",""trophy"",""crystal"",""recognition""]",[],[]
Double Station Mug Printing Machine,double-station-mug-printing-machine,"A high-quality, professional grade machine to support your customized branding and printing business.",24000,,,[],TRUE,TRUE,100,MAC-058,published,0.5,"[""corporate"",""machine"",""printing"",""equipment""]",[],[]
CR005 Crystal Award,cr005-crystal-award,"A stunning crystal award crafted with precision and elegance. Ideal for recognizing employee excellence, corporate milestones, and distinguished achievement. Fully customizable with your logo or engraving.",2900,,,[],TRUE,TRUE,100,AWD-059,published,0.5,"[""corporate"",""award"",""trophy"",""crystal"",""recognition""]",[],[]
A109 Crystal Award,a109-crystal-award,"A stunning crystal award crafted with precision and elegance. Ideal for recognizing employee excellence, corporate milestones, and distinguished achievement. Fully customizable with your logo or engraving.",3000,,,[],TRUE,TRUE,100,AWD-060,published,0.5,"[""corporate"",""award"",""trophy"",""crystal"",""recognition""]",[],[]
Arrow Flasks Gift Sets,arrow-flasks-gift-sets,"A luxurious corporate gift set curated for maximum impact. Features premium matching accessories presented in an elegant box. Perfect for executive gifting, client appreciation, and employee milestones.",3000,,,[],TRUE,TRUE,100,SET-061,published,0.5,"[""corporate"",""gift set"",""premium""]","[""Black"",""White""]",[]
A5 Checked Buckle,a5-checked-buckle,"A premium corporate set presented in an elegant box. Perfect for executive gifting, client appreciation, and employee milestones.",450,,,[],TRUE,TRUE,100,SET-255,published,0.5,"[""corporate"", ""gift set""]","[""BLACK"", ""BLUE"", ""RED"", ""GREY"", ""GREEN"", ""BROWN""]",[]
Executive Plastic Pen,executive-plastic-pen,"A high-quality, professional executive pen designed for smooth writing. Perfect for corporate branding, daily office use, and client gifting.",50,,,[],TRUE,TRUE,100,PEN-244,published,0.5,"[""corporate"", ""pen"", ""stationery""]","[""BLACK"", ""WHITE"", ""RED"", ""BLUE"", ""GREY"", ""GOLD""]",[]
CR018 Crystal Award,cr018-crystal-award,"A stunning crystal award crafted with precision and elegance. Ideal for recognizing employee excellence, corporate milestones, and distinguished achievement. Fully customizable with your logo or engraving.",3500,,,[],TRUE,TRUE,100,AWD-062,published,0.5,"[""corporate"",""award"",""trophy"",""crystal"",""recognition""]",[],[]
A239 Crystal Award,a239-crystal-award,"A stunning crystal award crafted with precision and elegance. Ideal for recognizing employee excellence, corporate milestones, and distinguished achievement. Fully customizable with your logo or engraving.",3200,,,[],TRUE,TRUE,100,AWD-063,published,0.5,"[""corporate"",""award"",""trophy"",""crystal"",""recognition""]",[],[]
Bamboo Lid Aluminum Bottle 510 ml,bamboo-lid-aluminum-bottle-510-ml,A premium 510ml aluminum bottle with a natural bamboo lid. Keeps drinks cold and is eco-friendly.,430,,,[],TRUE,TRUE,100,FLK-261,published,0.5,"[""corporate"", ""bottle"", ""drinkware"", ""eco""]","[""BLACK"", ""WHITE"", ""GREY""]",[]
CR007 Crystal Award,cr007-crystal-award,"A stunning crystal award crafted with precision and elegance. Ideal for recognizing employee excellence, corporate milestones, and distinguished achievement. Fully customizable with your logo or engraving.",5000,,,[],TRUE,TRUE,100,AWD-064,published,0.5,"[""corporate"",""award"",""trophy"",""crystal"",""recognition""]",[],[]
Rectangular Wooden (double side) Keyholder,rectangular-wooden-double-side-keyholder,A premium executive accessory designed to add a touch of elegance to any office desk or home workspace. Crafted with attention to detail and high-quality materials.,60,,,[],TRUE,TRUE,100,ACC-065,published,0.5,"[""corporate""]",[],[]
Eco-Base Tumbler,eco-base-tumbler,"A premium thermal flask designed to maintain the perfect temperature for your hot or cold beverages. Crafted for durability and style, making it an excellent companion for the office or outdoor adventures.",850,,,[],TRUE,TRUE,100,FLK-020,published,0.5,"[""corporate"",""flask"",""drinkware""]","[""Blue"",""Green"",""Red""]",[]
CR001 Crystal Award,cr001-crystal-award,"A stunning crystal award crafted with precision and elegance. Ideal for recognizing employee excellence, corporate milestones, and distinguished achievement. Fully customizable with your logo or engraving.",2600,,,[],TRUE,TRUE,100,AWD-066,published,0.5,"[""corporate"",""award"",""trophy"",""crystal"",""recognition""]",[],[]
Tea Mug Set 001,tea-mug-set-001,A luxurious gift set featuring premium matching mugs presented in an elegant box. Perfect for corporate gifting.,2985,,,[],TRUE,TRUE,100,SET-257,published,0.5,"[""corporate"", ""mug"", ""gift set""]","[""GREEN"", ""BLACK"", ""BLUE"", ""RED"", ""GREY""]",[]
Plastic Curved Pen,plastic-curved-pen,"A high-quality, professional executive pen designed for smooth writing. Perfect for corporate branding, daily office use, and client gifting.",35,,,[],TRUE,TRUE,100,PEN-236,published,0.5,"[""corporate"", ""pen"", ""stationery""]","[""GOLD"", ""YELLOW"", ""BLUE"", ""RED""]",[]
M568 Round Crystal Award,m568-round-crystal-award,"A stunning crystal award crafted with precision and elegance. Ideal for recognizing employee excellence, corporate milestones, and distinguished achievement. Fully customizable with your logo or engraving.",4500,,,[],TRUE,TRUE,100,AWD-067,published,0.5,"[""corporate"",""award"",""trophy"",""crystal"",""recognition""]",[],[]
Lapel Pin,lapel-pin,A premium executive accessory designed to add a touch of elegance to any office desk or home workspace. Crafted with attention to detail and high-quality materials.,40,,,[],TRUE,TRUE,100,ACC-032,published,0.5,"[""corporate""]",[],"[""Square 2cm"",""Rectangle 2cm""]"
CR003 Crystal Award,cr003-crystal-award,"A stunning crystal award crafted with precision and elegance. Ideal for recognizing employee excellence, corporate milestones, and distinguished achievement. Fully customizable with your logo or engraving.",2800,,,[],TRUE,TRUE,100,AWD-068,published,0.5,"[""corporate"",""award"",""trophy"",""crystal"",""recognition""]",[],[]
Luxury Black A3 Bag,luxury-black-a3-bag,"A premium laminated paper carrier bag, perfect for retail packaging, corporate events, and branded gifting. Sturdy, stylish, and an elegant finishing touch for any gift.",140,,,[],TRUE,TRUE,100,BAG-069,published,0.5,"[""corporate"",""bag"",""packaging"",""carrier bag""]",[],"[""A3 Landscape""]"
Luxury Multi Colored A4 Bags,luxury-multi-colored-a4-bags,"A premium laminated paper carrier bag, perfect for retail packaging, corporate events, and branded gifting. Sturdy, stylish, and an elegant finishing touch for any gift.",130,,,[],TRUE,TRUE,100,BAG-070,published,0.5,"[""corporate"",""bag"",""packaging"",""carrier bag""]","[""Red"",""Blue"",""Black""]","[""A4 Landscape""]"
Diamond Flask,diamond-flask,"A premium thermal flask designed to maintain the perfect temperature for your hot or cold beverages. Crafted for durability and style, making it an excellent companion for the office or outdoor adventures.",950,,,[],TRUE,TRUE,100,FLK-071,published,0.5,"[""corporate"",""flask"",""drinkware""]","[""Black"",""Grey"",""White"",""Red""]",[]
Code 014 Plastic Pen,code-014-plastic-pen,"A high-quality, professional executive pen designed for smooth writing. Perfect for corporate branding, daily office use, and client gifting.",35,,,[],TRUE,TRUE,100,PEN-072,published,0.5,"[""corporate"",""pen"",""stationery"",""branding""]","[""Black"",""Blue"",""Red"",""White"",""Grey"",""Green""]",[]
Cork and Fabric Notebook,cork-and-fabric-notebook,An eco-friendly premium executive notebook with a cork and fabric cover. Designed for professionals who value sustainability.,400,,,[],TRUE,TRUE,100,NBK-252,published,0.5,"[""corporate"", ""notebook"", ""stationery"", ""eco""]",[],[]
Code 006,code-006,"A high-quality, professional executive pen designed for smooth writing. Perfect for corporate branding, daily office use, and client gifting.",120,,,[],TRUE,TRUE,100,PEN-241,published,0.5,"[""corporate"", ""pen"", ""stationery""]","[""BLACK"", ""WHITE"", ""RED"", ""GREY"", ""GREEN"", ""BLUE""]",[]
A5 Magnet Buckle Notebooks,a5-magnet-buckle-notebooks,An elegant A5 executive notebook with a magnetic buckle closure. Features premium pages and a stunning durable cover.,450,,,[],TRUE,TRUE,100,NBK-251,published,0.5,"[""corporate"", ""notebook"", ""stationery""]","[""BLUE"", ""BROWN"", ""RED"", ""GREY""]",[]
Rectangular Wooden (one side) Metallic Keyring,rectangular-wooden-one-side-metallic-keyring,"A premium customized keyring crafted with care. An excellent personalized accessory for your keys, making it a thoughtful small corporate gift or personal keepsake.",150,,,[],TRUE,TRUE,100,ACC-073,published,0.5,"[""corporate""]",[],[]
Double Cork Notebook Pen Set,double-cork-notebook-pen-set,"A luxurious corporate gift set curated for maximum impact. Features premium matching accessories presented in an elegant box. Perfect for executive gifting, client appreciation, and employee milestones.",780,,,[],TRUE,TRUE,100,SET-074,published,0.5,"[""corporate"",""gift set"",""premium""]","[""Green"",""Grey"",""Orange"",""Brown""]",[]
Arrow Steel Flask,arrow-steel-flask,"A premium thermal flask designed to maintain the perfect temperature for your hot or cold beverages. Crafted for durability and style, making it an excellent companion for the office or outdoor adventures.",850,,,[],TRUE,TRUE,100,FLK-075,published,0.5,"[""corporate"",""flask"",""drinkware""]","[""Black"",""White"",""Red"",""Blue"",""Grey"",""Pink""]",[]
Round Bamboo Keyring,round-bamboo-keyring,A premium round bamboo keyring. Eco-friendly and perfect for corporate gifting.,150,,,[],TRUE,TRUE,100,ACC-267,published,0.5,"[""corporate"", ""keyring"", ""accessory"", ""eco""]",[],[]
European Design Pen Cases,european-design-pen-cases,A premium executive accessory designed to add a touch of elegance to any office desk or home workspace. Crafted with attention to detail and high-quality materials.,450,,,[],TRUE,TRUE,100,ACC-076,published,0.5,"[""corporate""]",[],[]
CR011 Crystal Award,cr011-crystal-award,"A stunning crystal award crafted with precision and elegance. Ideal for recognizing employee excellence, corporate milestones, and distinguished achievement. Fully customizable with your logo or engraving.",4500,,,[],TRUE,TRUE,100,AWD-077,published,0.5,"[""corporate"",""award"",""trophy"",""crystal"",""recognition""]",[],[]
KNY-5 Crystal Award,kny-5-crystal-award,"A stunning crystal award crafted with precision and elegance. Ideal for recognizing employee excellence, corporate milestones, and distinguished achievement. Fully customizable with your logo or engraving.",3800,,,[],TRUE,TRUE,100,AWD-078,published,0.5,"[""corporate"",""award"",""trophy"",""crystal"",""recognition""]",[],[]
Round curved plastic pen,round-curved-plastic-pen,"A high-quality, professional executive pen designed for smooth writing. Perfect for corporate branding, daily office use, and client gifting.",20,,,[],TRUE,TRUE,100,PEN-079,published,0.5,"[""corporate"",""pen"",""stationery"",""branding""]","[""Blue"",""Green"",""White"",""Black"",""Red""]",[]
Executive Bamboo Notebook,executive-bamboo-notebook,"An eco-friendly, premium executive notebook designed for professionals who value sustainability. Features high-quality pages and a stunning, durable cover for all your planning and journaling needs.",420,,,[],TRUE,TRUE,100,NBK-080,published,0.5,"[""corporate"",""notebook"",""stationery""]","[""Red"",""Brown"",""Orange"",""Black"",""Green"",""Blue""]",[]
CR012 Crystal Award,cr012-crystal-award,"A stunning crystal award crafted with precision and elegance. Ideal for recognizing employee excellence, corporate milestones, and distinguished achievement. Fully customizable with your logo or engraving.",5800,,,[],TRUE,TRUE,100,AWD-081,published,0.5,"[""corporate"",""award"",""trophy"",""crystal"",""recognition""]",[],[]
Mouse Pads,mouse-pads,A premium executive accessory designed to add a touch of elegance to any office desk or home workspace. Crafted with attention to detail and high-quality materials.,120,,,[],TRUE,TRUE,100,ACC-037,published,0.5,"[""corporate""]",[],"[""Round"",""Rectangle""]"
Sublimation Mousepad,sublimation-mousepad,A premium executive accessory designed to add a touch of elegance to any office desk or home workspace. Crafted with attention to detail and high-quality materials.,110,,,[],TRUE,TRUE,100,ACC-038,published,0.5,"[""corporate""]","[""White""]",[]
CODE P009,code-p009,A premium executive accessory designed to add a touch of elegance to any office desk or home workspace. Crafted with attention to detail and high-quality materials.,150,,,[],TRUE,TRUE,100,ACC-082,published,0.5,"[""corporate""]",[],[]
Code 008,code-008,"A high-quality, professional executive pen designed for smooth writing. Perfect for corporate branding, daily office use, and client gifting.",150,,,[],TRUE,TRUE,100,PEN-242,published,0.5,"[""corporate"", ""pen"", ""stationery""]","[""BLACK"", ""RED"", ""WHITE"", ""BLUE"", ""GREEN"", ""GREY"", ""DARK BLUE"", ""DARK GREY"", ""BEIGE"", ""ORANGE""]",[]
Notebook 128,notebook-128,"An elegant and professional A5 executive notebook. Features a premium finish, secure closure, and high-quality lined pages. The perfect corporate gift for meetings, journaling, and daily organization.",500,,,[],TRUE,TRUE,100,NBK-083,published,0.5,"[""corporate"",""notebook"",""stationery""]","[""Gray"",""Red"",""Green"",""Blue"",""Black""]",[]
Note Book E-30,note-book-e-30,"An elegant and professional executive notebook. Features a premium finish, secure closure, and high-quality lined pages. Perfect for meetings, journaling, and daily organization.",550,,,[],TRUE,TRUE,100,NBK-247,published,0.5,"[""corporate"", ""notebook"", ""stationery""]","[""BLACK"", ""NAVY BLUE"", ""GREEN""]",[]
Band Flexy Notebook,band-flexy-notebook,"An elegant and professional A5 executive notebook. Features a premium finish, secure closure, and high-quality lined pages. The perfect corporate gift for meetings, journaling, and daily organization.",380,,,[],TRUE,TRUE,100,NBK-084,published,0.5,"[""corporate"",""notebook"",""stationery""]","[""Black"",""White"",""Red"",""Brown"",""Orange""]",[]
Diamond Flask Set,diamond-flask-set,"A luxurious corporate gift set curated for maximum impact. Features premium matching accessories presented in an elegant box. Perfect for executive gifting, client appreciation, and employee milestones.",2460,,,[],TRUE,TRUE,100,SET-085,published,0.5,"[""corporate"",""gift set"",""premium""]","[""Black"",""White"",""Red"",""Gray""]",[]
Round Wooden Keyrings,round-wooden-keyrings,Premium round wooden keyrings. Eco-friendly and perfect for corporate gifting.,60,,,[],TRUE,TRUE,100,ACC-268,published,0.5,"[""corporate"", ""keyring"", ""accessory"", ""eco""]",[],[]
Clock 22197,clock-22197,A premium executive accessory designed to add a touch of elegance to any office desk or home workspace. Crafted with attention to detail and high-quality materials.,999,,,[],TRUE,TRUE,100,CLK-086,published,0.5,"[""corporate""]",[],[]
Round Crystal Award,round-crystal-award,"A stunning crystal award crafted with precision and elegance. Ideal for recognizing employee excellence, corporate milestones, and distinguished achievement. Fully customizable with your logo or engraving.",3200,,,[],TRUE,TRUE,100,AWD-028,published,0.5,"[""corporate"",""award"",""trophy"",""crystal"",""recognition""]",[],[]
Double Sided Metalic Rectangular Keyring,double-sided-metalic-rectangular-keyring,A premium double-sided metallic rectangular keyring. Perfect for corporate gifting and branding.,120,,,[],TRUE,TRUE,100,ACC-270,published,0.5,"[""corporate"", ""keyring"", ""accessory""]",[],[]
Classic Combo Bamboo Set,classic-combo-bamboo-set,"A luxurious corporate gift set curated for maximum impact. Features premium matching accessories presented in an elegant box. Perfect for executive gifting, client appreciation, and employee milestones.",800,,,[],TRUE,TRUE,100,SET-087,published,0.5,"[""corporate"",""gift set"",""premium""]",[],[]
Rotating Half Circle Metal Keyring,rotating-half-circle-metal-keyring,A premium rotating half-circle metal keyring. Perfect for corporate gifting and branding.,150,,,[],TRUE,TRUE,100,ACC-265,published,0.5,"[""corporate"", ""keyring"", ""accessory""]",[],[]
Wooden Base and Lid Skin Feel Thermal Flask,wooden-base-and-lid-skin-feel-thermal-flask,A premium thermal flask featuring a wooden base and lid with a soft-touch skin-feel body. Keeps drinks hot or cold.,1050,,,[],TRUE,TRUE,100,FLK-263,published,0.5,"[""corporate"", ""flask"", ""drinkware"", ""premium""]","[""RED"", ""BLACK"", ""BLUE"", ""GREEN"", ""GREY"", ""WHITE (limited quantity)""]",[]
Heart Gift Box,heart-gift-box,"A premium heart-shaped gift box available in gold, silver, white, pink, red, and black. Large-Ksh.500 Medium-Ksh.400 Small-Ksh.300",0,,,[],TRUE,TRUE,100,BAG-288,published,0.5,"[""corporate"", ""gift box"", ""packaging""]","[""GOLD"", ""SILVER"", ""WHITE"", ""PINK"", ""RED"", ""BLACK""]",[]
Shiny Magic Mug,shiny-magic-mug,"A high-quality, insulated mug featuring a comfortable handle and secure lid. Perfect for keeping your morning coffee hot or your evening tea warm while working at the desk.",250,,,[],TRUE,TRUE,100,MUG-019,published,0.5,"[""corporate""]",[],[]
SET E128,set-e128,"A luxurious corporate gift set curated for maximum impact. Features premium matching accessories presented in an elegant box. Perfect for executive gifting, client appreciation, and employee milestones.",900,,,[],TRUE,TRUE,100,SET-178,published,0.5,"[""corporate"",""gift set"",""premium""]","[""Black"",""Blue"",""Gray"",""Green"",""Red""]",[]
A5 Band Notebooks,a5-band-notebooks,"An elegant and professional A5 executive notebook. Features a premium finish, secure closure, and high-quality lined pages. The perfect corporate gift for meetings, journaling, and daily organization.",380,,,[],TRUE,TRUE,100,NBK-088,published,0.5,"[""corporate"",""notebook"",""stationery""]","[""White"",""Orange"",""Wood"",""Brown"",""Green"",""Grey""]",[]
E59 Pen Set,e59-pen-set,"A luxurious corporate gift set curated for maximum impact. Features premium matching accessories presented in an elegant box. Perfect for executive gifting, client appreciation, and employee milestones.",900,,,[],TRUE,TRUE,100,SET-089,published,0.5,"[""corporate"",""gift set"",""premium""]","[""Gray"",""Blue"",""Red"",""Green"",""Black""]",[]
Multicolored A5 Carrier Bag,multicolored-a5-carrier-bag,"A premium laminated paper carrier bag, perfect for retail packaging, corporate events, and branded gifting. Sturdy, stylish, and an elegant finishing touch for any gift.",75,,,[],TRUE,TRUE,100,BAG-024,published,0.5,"[""corporate"",""bag"",""packaging"",""carrier bag""]",[],"[""A5 Portrait Laminated""]"
Diamond Mug 007,diamond-mug-007,"A high-quality, insulated mug featuring a comfortable handle and secure lid. Perfect for keeping your morning coffee hot or your evening tea warm while working at the desk.",2785,,,[],TRUE,TRUE,100,MUG-090,published,0.5,"[""corporate""]","[""Red"",""Blue"",""Green"",""Black""]",[]
Crystal Clock Desk Organizer,crystal-clock-desk-organizer,An elegant crystal clock desk organizer that combines timekeeping with style. A premium statement piece for any executive desk or conference room.,2800,,,[],TRUE,TRUE,100,DEC-022,published,0.5,"[""corporate"",""desk"",""office"",""decor"",""organizer""]",[],[]
40cmx60cm Heat Press Machine,40cmx60cm-heat-press-machine,"A high-quality, professional grade machine to support your customized branding and printing business.",48000,,,[],TRUE,TRUE,100,MAC-091,published,0.5,"[""corporate"",""machine"",""printing"",""equipment""]","[""Red""]",[]
2 in 1 Laptop Sleeve,2-in-1-laptop-sleeve,A premium executive accessory designed to add a touch of elegance to any office desk or home workspace. Crafted with attention to detail and high-quality materials.,1500,,,[],TRUE,TRUE,100,ACC-092,published,0.5,"[""corporate""]","[""Blue"",""Black""]",[]
Novac Gift Set 005,novac-gift-set-005,"A luxurious corporate gift set curated for maximum impact. Features premium matching accessories presented in an elegant box. Perfect for executive gifting, client appreciation, and employee milestones.",2290,,,[],TRUE,TRUE,100,SET-093,published,0.5,"[""corporate"",""gift set"",""premium""]","[""Black"",""Blue"",""Orange"",""Red"",""Gray"",""White""]",[]
E113,e113,A premium executive set featuring notebook and accessories in an elegant box. Perfect for corporate gifting.,950,,,[],TRUE,TRUE,100,SET-256,published,0.5,"[""corporate"", ""gift set""]",[],[]
Wooden Metallic keyring,wooden-metallic-keyring,"A premium customized keyring crafted with care. An excellent personalized accessory for your keys, making it a thoughtful small corporate gift or personal keepsake.",120,,,[],TRUE,TRUE,100,ACC-094,published,0.5,"[""corporate""]",[],[]
Executive A5 Silver Buckle Notebook,executive-a5-silver-buckle-notebook,"An elegant and professional A5 executive notebook with a sleek silver buckle closure. Perfect for meetings, journaling, and daily organization.",450,,,[],TRUE,TRUE,100,NBK-250,published,0.5,"[""corporate"", ""notebook"", ""stationery""]","[""GREY"", ""BROWN"", ""RED"", ""BLACK"", ""BLUE"", ""GREEN""]",[]
Hipflask-02,hipflask-02,A premium executive hipflask. Available in grey.,1500,,,[],TRUE,TRUE,100,HPF-289,published,0.5,"[""corporate"", ""hipflask"", ""drinkware""]","[""GREY""]",[]
A3 Sisal Buttoned Jute Bag,a3-sisal-buttoned-jute-bag,"A premium eco-friendly reusable bag crafted from natural materials. Ideal for corporate events, branded gifting, and sustainable retail packaging. Customizable with your logo for a lasting impression.",650,,,[],TRUE,TRUE,100,BAG-033,published,0.5,"[""corporate"",""bag"",""packaging"",""carrier bag""]","[""Black"",""Red"",""Blue"",""Green""]","[""A3""]"
B5 Gold Strip Notebook,b5-gold-strip-notebook,"An elegant and professional A5 executive notebook. Features a premium finish, secure closure, and high-quality lined pages. The perfect corporate gift for meetings, journaling, and daily organization.",700,,,[],TRUE,TRUE,100,NBK-095,published,0.5,"[""corporate"",""notebook"",""stationery""]","[""Black"",""Red"",""Brown"",""Grey"",""Blue""]",[]
Sleek Tumbler,sleek-tumbler,"A premium thermal flask designed to maintain the perfect temperature for your hot or cold beverages. Crafted for durability and style, making it an excellent companion for the office or outdoor adventures.",850,,,[],TRUE,TRUE,100,FLK-096,published,0.5,"[""corporate"",""flask"",""drinkware""]","[""Black"",""White"",""Blue"",""Red"",""Blush Pink""]",[]
Slim Twist Pen,slim-twist-pen,"A high-quality, professional executive pen designed for smooth writing. Perfect for corporate branding, daily office use, and client gifting. Exclusive of VAT.",20,,,[],TRUE,TRUE,100,PEN-237,published,0.5,"[""corporate"", ""pen"", ""stationery""]","[""RED"", ""BLUE"", ""ORANGE"", ""WHITE"", ""YELLOW"", ""PURPLE"", ""BLACK"", ""PINK"", ""GREEN""]",[]
A3 Landscape Printed Jute Bag,a3-landscape-printed-jute-bag,"A premium eco-friendly reusable bag crafted from natural materials. Ideal for corporate events, branded gifting, and sustainable retail packaging. Customizable with your logo for a lasting impression.",650,,,[],TRUE,TRUE,100,BAG-097,published,0.5,"[""corporate"",""bag"",""packaging"",""carrier bag""]","[""Red""]",[]
Frosted Water Bottle (Code 002),frosted-water-bottle-code-002,A stylish frosted water bottle with a sleek finish. Available in vibrant colors.,650,,,[],TRUE,TRUE,100,FLK-262,published,0.5,"[""corporate"", ""water bottle"", ""drinkware""]","[""RED"", ""GREY""]",[]
Hipflask-07,hipflask-07,A premium executive hipflask. Available in brown.,950,,,[],TRUE,TRUE,100,HPF-290,published,0.5,"[""corporate"", ""hipflask"", ""drinkware""]","[""BROWN""]",[]
UN863,un863,"A stunning crystal award crafted with precision and elegance. Ideal for recognizing employee excellence, corporate milestones, and distinguished achievement. Fully customizable with your logo or engraving.",3200,,,[],TRUE,TRUE,100,AWD-098,published,0.5,"[""corporate"",""award"",""trophy"",""crystal"",""recognition""]",[],[]
CODE P011,code-p011,A premium executive accessory designed to add a touch of elegance to any office desk or home workspace. Crafted with attention to detail and high-quality materials.,150,,,[],TRUE,TRUE,100,ACC-099,published,0.5,"[""corporate""]",[],[]
"Executive Wooden Finish Powerbank 10,000MAH",executive-wooden-finish-powerbank-10-000mah,"A premium eco-friendly bamboo Bluetooth speaker with seamless 5.0 connectivity up to 33ft. A high-quality, sustainable tech gift that combines natural aesthetics with powerful sound performance.",2000,,,[],TRUE,TRUE,100,TCH-100,published,0.5,"[""corporate"",""tech"",""speaker"",""bluetooth"",""bamboo""]",[],[]
Jerrycan Alcohol Cabinet Storage Bar,jerrycan-alcohol-cabinet-storage-bar,"A beautifully crafted wooden desk organizer designed to bring warmth and structure to your workspace. Perfect for executive offices, corporate gifts, and stylish home setups.",10500,,,[],TRUE,TRUE,100,DEC-101,published,0.5,"[""corporate"",""desk"",""office"",""decor"",""organizer""]",[],[]
A5 Executive Round Buckle Notebook,a5-executive-round-buckle-notebook,"An elegant and professional A5 executive notebook. Features a premium finish, secure closure, and high-quality lined pages. The perfect corporate gift for meetings, journaling, and daily organization.",600,,,[],TRUE,TRUE,100,NBK-102,published,0.5,"[""corporate"",""notebook"",""stationery""]","[""Black"",""Red"",""Blue"",""Jungle Green"",""Grey"",""Brown""]",[]
Code 005,code-005,"A high-quality, professional executive pen designed for smooth writing. Perfect for corporate branding, daily office use, and client gifting.",100,,,[],TRUE,TRUE,100,PEN-240,published,0.5,"[""corporate"", ""pen"", ""stationery""]","[""BLACK"", ""WHITE"", ""RED""]",[]
Shredded Papers,shredded-papers,Premium shredded paper filler for gift boxes. Available in white.,250,,,[],TRUE,TRUE,100,ACC-274,published,0.5,"[""corporate"", ""packaging"", ""accessory""]","[""WHITE""]",[]
KNY-14 Crystal Award,kny-14-crystal-award,"A stunning crystal award crafted with precision and elegance. Ideal for recognizing employee excellence, corporate milestones, and distinguished achievement.",1700,,,[],TRUE,TRUE,100,AWD-279,published,0.5,"[""corporate"", ""award"", ""trophy"", ""crystal"", ""recognition""]",[],[]
Notebook E130,notebook-e130,"An elegant and professional executive notebook. Features a premium finish, secure closure, and high-quality lined pages. Perfect for meetings, journaling, and daily organization.",350,,,[],TRUE,TRUE,100,NBK-249,published,0.5,"[""corporate"", ""notebook"", ""stationery""]","[""RED"", ""GREEN"", ""BLUE"", ""WHITE"", ""BLACK"", ""GREY""]",[]
Rotating Full Circle Metal Keyring,rotating-full-circle-metal-keyring,A premium rotating full-circle metal keyring. Perfect for corporate gifting and branding.,150,,,[],TRUE,TRUE,100,ACC-266,published,0.5,"[""corporate"", ""keyring"", ""accessory""]",[],[]
1 Litre Stanley Mugs,1-litre-stanley-mugs,Premium 1-litre Stanley-style mugs. Available in grey.,1050,,,[],TRUE,TRUE,100,MUG-283,published,0.5,"[""corporate"", ""mug"", ""drinkware""]","[""GREY""]",[]
Wood Desk Organizer,wood-desk-organizer,"A beautifully crafted wooden desk organizer designed to bring warmth and structure to your workspace. Perfect for executive offices, corporate gifts, and stylish home setups.",1500,,,[],TRUE,TRUE,100,DEC-023,published,0.5,"[""corporate"",""desk"",""office"",""decor"",""organizer""]","[""Maplewood Brown""]",[]
Code 001,code-001,"A high-quality, professional executive pen designed for smooth writing. Perfect for corporate branding, daily office use, and client gifting.",120,,,[],TRUE,TRUE,100,PEN-238,published,0.5,"[""corporate"", ""pen"", ""stationery""]","[""BLACK"", ""RED"", ""WHITE"", ""GREEN"", ""BLUE"", ""GREY""]",[]
White A3 Carrier Bag,white-a3-carrier-bag,"A3 size Portrait paper carrier bag (LAMINATED) SIZE H 40cm L 30cm W 12cm DTF, PRINT SCREEN, UV.",120,,,[],TRUE,TRUE,100,BAG-284,published,0.5,"[""corporate"", ""bag"", ""packaging""]",[],[]
Code P003,code-p003,A high-quality premium pen accessory. Available in multiple colors.,180,,,[],TRUE,TRUE,100,ACC-275,published,0.5,"[""corporate"", ""pen"", ""stationery""]","[""BLACK"", ""RED"", ""BLUE"", ""GREY"", ""BROWN""]",[]
0134A Crystal Award,0134a-crystal-award,"A stunning crystal award crafted with precision and elegance. Ideal for recognizing employee excellence, corporate milestones, and distinguished achievement.",3200,,,[],TRUE,TRUE,100,AWD-280,published,0.5,"[""corporate"", ""award"", ""trophy"", ""crystal"", ""recognition""]",[],[]
Code 004,code-004,"A high-quality, professional executive pen designed for smooth writing. Exclusive of VAT.",20,,,[],TRUE,TRUE,100,PEN-239,published,0.5,"[""corporate"", ""pen"", ""stationery""]","[""BLUE"", ""SILVER"", ""RED"", ""GOLD"", ""GREEN""]",[]
American Style Pen Case,american-style-pen-case,An elegant pen case featuring a sleek black design with a thin metal plate on top for a premium touch. Soft interior lining ensures secure storage.,300,,,[],TRUE,TRUE,100,ACC-276,published,0.5,"[""corporate"", ""pen case"", ""accessory""]",[],[]
Ironwood Honor Plaque,ironwood-honor-plaque,A premium ironwood honor plaque. Perfect for recognition awards and corporate milestones.,3500,,,[],TRUE,TRUE,100,ACC-277,published,0.5,"[""corporate"", ""award"", ""plaque""]",[],[]
Classy Landscape Gift Bag,classy-landscape-gift-bag,A premium landscape gift bag. H 26cm L 33cm W 18cm.,300,,,[],TRUE,TRUE,100,BAG-287,published,0.5,"[""corporate"", ""bag"", ""gift bag""]",[],[]
UN865,un865,A stunning crystal award. Available in silver and gold. A minimalist design with a semicircular clear acrylic glass piece mountain on rectangular base.,3200,,,[],TRUE,TRUE,100,AWD-281,published,0.5,"[""corporate"", ""award"", ""crystal"", ""recognition""]","[""SILVER"", ""GOLD""]",[]
Office Click Pen,office-click-pen,"A high-quality, professional executive pen designed for smooth writing. Perfect for corporate branding, daily office use, and client gifting.",100,,,[],TRUE,TRUE,100,PEN-243,published,0.5,"[""corporate"", ""pen"", ""stationery""]","[""WHITE"", ""GREY"", ""BLUE"", ""RED"", ""BLACK""]",[]
Ribbon Box,ribbon-box,A premium ribbon gift box available in various colors. Sizes L-33cm W-24.5cm H-12.3cm.,600,,,[],TRUE,TRUE,100,ACC-273,published,0.5,"[""corporate"", ""gift box"", ""packaging""]","[""BLUE"", ""BLACK"", ""RED""]",[]
clock 1685,clock-1685,A premium executive accessory designed to add a touch of elegance to any office desk or home workspace. Crafted with attention to detail and high-quality materials.,2000,,,[],TRUE,TRUE,100,CLK-103,published,0.5,"[""corporate""]",[],[]
CR002 Crystal Award,cr002-crystal-award,"A stunning crystal award crafted with precision and elegance. Ideal for recognizing employee excellence, corporate milestones, and distinguished achievement. Fully customizable with your logo or engraving.",5000,,,[],TRUE,TRUE,100,AWD-104,published,0.5,"[""corporate"",""award"",""trophy"",""crystal"",""recognition""]",[],[]
UN864 Crystal Laurel Award,un864-crystal-laurel-award,"A stunning crystal award crafted with precision and elegance. Ideal for recognizing employee excellence, corporate milestones, and distinguished achievement. Fully customizable with your logo or engraving.",3200,,,[],TRUE,TRUE,100,AWD-029,published,0.5,"[""corporate"",""award"",""trophy"",""crystal"",""recognition""]",[],[]
Magnet Buckle Set,magnet-buckle-set,"A luxurious corporate gift set curated for maximum impact. Features premium matching accessories presented in an elegant box. Perfect for executive gifting, client appreciation, and employee milestones.",2550,,,[],TRUE,TRUE,100,SET-105,published,0.5,"[""corporate"",""gift set"",""premium""]","[""Red"",""Blue"",""Gray""]",[]
Diamond Flask Gift Set 001,diamond-flask-gift-set-001,"A luxurious corporate gift set curated for maximum impact. Features premium matching accessories presented in an elegant box. Perfect for executive gifting, client appreciation, and employee milestones.",2700,,,[],TRUE,TRUE,100,SET-106,published,0.5,"[""corporate"",""gift set"",""premium""]","[""Blue"",""Grey"",""Black""]",[]
Rectangular Wooden Keyrings,rectangular-wooden-keyrings,Premium rectangular wooden keyrings. Eco-friendly and perfect for corporate gifting.,60,,,[],TRUE,TRUE,100,ACC-269,published,0.5,"[""corporate"", ""keyring"", ""accessory"", ""eco""]",[],[]
Woodbase and Top Giftset 002,woodbase-and-top-giftset-002,"A luxurious corporate gift set curated for maximum impact. Features premium matching accessories presented in an elegant box. Perfect for executive gifting, client appreciation, and employee milestones.",2670,,,[],TRUE,TRUE,100,SET-107,published,0.5,"[""corporate"",""gift set"",""premium""]","[""Green"",""Red"",""Black"",""Blue"",""Grey""]",[]
Bamboo Giftets,bamboo-giftets,"A luxurious corporate gift set curated for maximum impact. Features premium matching accessories presented in an elegant box. Perfect for executive gifting, client appreciation, and employee milestones.",2330,,,[],TRUE,TRUE,100,SET-108,published,0.5,"[""corporate"",""gift set"",""premium""]","[""Green"",""Black"",""Blue"",""Red""]",[]
Rubber Plastic Water Bottle,rubber-plastic-water-bottle,"A durable, ergonomic water bottle with a rubber grip finish. Available in vibrant colors.",650,,,[],TRUE,TRUE,100,FLK-260,published,0.5,"[""corporate"", ""water bottle"", ""drinkware""]","[""RED"", ""GREEN"", ""BLUE"", ""WHITE"", ""BLACK""]",[]
Wooden Pen Case,wooden-pen-case,A premium executive accessory designed to add a touch of elegance to any office desk or home workspace. Crafted with attention to detail and high-quality materials.,380,,,[],TRUE,TRUE,100,ACC-109,published,0.5,"[""corporate""]",[],[]
Crystal Clock,crystal-clock,A premium executive accessory designed to add a touch of elegance to any office desk or home workspace. Crafted with attention to detail and high-quality materials.,1500,,,[],TRUE,TRUE,100,CLK-110,published,0.5,"[""corporate""]",[],[]
Woodbase and Top Giftset 005,woodbase-and-top-giftset-005,"A luxurious corporate gift set curated for maximum impact. Features premium matching accessories presented in an elegant box. Perfect for executive gifting, client appreciation, and employee milestones.",2990,,,[],TRUE,TRUE,100,SET-111,published,0.5,"[""corporate"",""gift set"",""premium""]","[""Red"",""Blue"",""Black"",""Green""]",[]
Bamboo Pen,bamboo-pen,An executive eco-friendly bamboo pen. Exclusive of VAT.,80,,,[],TRUE,TRUE,100,FLK-264,published,0.5,"[""corporate"", ""pen"", ""eco"", ""stationery""]",[],[]
Stanley Cups,stanley-cups,"A premium thermal flask designed to maintain the perfect temperature for your hot or cold beverages. Crafted for durability and style, making it an excellent companion for the office or outdoor adventures.",1200,,,[],TRUE,TRUE,100,FLK-112,published,0.5,"[""corporate"",""flask"",""drinkware""]","[""Black"",""White"",""Ash Grey"",""Latte"",""Baby Blue"",""Mocha"",""Pink""]","[""1.4 Litres""]"
Hipflask-04,hipflask-04,"A classic, sophisticated hipflask crafted from premium materials. Designed with elegance and discretion in mind. The perfect luxury gift for him for birthdays, anniversaries, or corporate milestones.",1200,,,[],TRUE,TRUE,100,HPF-036,published,0.5,"[""corporate"",""hipflask"",""drinkware""]","[""Orange""]",[]
New Frostedplastic Water Bottle (Code 003),new-frostedplastic-water-bottle-code-003,"A premium thermal flask designed to maintain the perfect temperature for your hot or cold beverages. Crafted for durability and style, making it an excellent companion for the office or outdoor adventures.",650,,,[],TRUE,TRUE,100,BOT-113,published,0.5,"[""corporate"",""flask"",""drinkware""]","[""Blue"",""Gray""]",[]
KNY-13 Kenya Crystal Award,kny-13-kenya-crystal-award,"A stunning crystal award crafted with precision and elegance. Ideal for recognizing employee excellence, corporate milestones, and distinguished achievement. Fully customizable with your logo or engraving.",3000,,,[],TRUE,TRUE,100,AWD-114,published,0.5,"[""corporate"",""award"",""trophy"",""crystal"",""recognition""]",[],[]
Screen Stylus Ballpoint Pen,screen-stylus-ballpoint-pen,A 2-in-1 screen stylus and ballpoint pen. Exclusive of VAT.,60,,,[],TRUE,TRUE,100,ACC-272,published,0.5,"[""corporate"", ""pen"", ""accessory"", ""stationery""]","[""GOLD"", ""SILVER""]",[]
Notebook Carrier Bag,notebook-carrier-bag,"A premium laminated paper carrier bag, perfect for retail packaging, corporate events, and branded gifting. Sturdy, stylish, and an elegant finishing touch for any gift.",30,,,[],TRUE,TRUE,100,BAG-115,published,0.5,"[""corporate"",""bag"",""packaging"",""carrier bag""]","[""Blue"",""Black""]",[]
Eco Mid-Notebook,eco-mid-notebook,"An eco-friendly mid-size executive notebook with a premium finish. Available in multiple colors. Perfect for daily planning, meetings, and journaling.",400,,,[],TRUE,TRUE,100,NBK-291,published,0.5,"[""corporate"",""notebook"",""stationery"",""eco""]","[""BLACK"",""WHITE"",""BLUE"",""RED"",""GREY"",""GREEN"",""ORANGE""]",[]
Notebook Code 618-25,notebook-code-618-25,"An elegant and professional executive notebook. Features a premium finish, secure closure, and high-quality lined pages. Perfect for meetings, journaling, and daily organization.",390,,,[],TRUE,TRUE,100,NBK-248,published,0.5,"[""corporate"", ""notebook"", ""stationery""]","[""RED"", ""GREY"", ""BLUE"", ""BLACK""]",[]
Military Jerrycan Minibar,military-jerrycan-minibar,"A beautifully crafted wooden desk organizer designed to bring warmth and structure to your workspace. Perfect for executive offices, corporate gifts, and stylish home setups.",10500,,,[],TRUE,TRUE,100,DEC-116,published,0.5,"[""corporate"",""desk"",""office"",""decor"",""organizer""]","[""Military Green""]",[]
Bow Gift Box,bow-gift-box,A premium bow gift box available in various colors.,500,,,[],TRUE,TRUE,100,BAG-285,published,0.5,"[""corporate"", ""gift box"", ""packaging""]","[""WHITE"", ""GOLD"", ""BLACK"", ""BLUE"", ""RED""]",[]
Black A3 Carrier Bag,black-a3-carrier-bag,"A premium laminated paper carrier bag, perfect for retail packaging, corporate events, and branded gifting. Sturdy, stylish, and an elegant finishing touch for any gift.",130,,,[],TRUE,TRUE,100,BAG-117,published,0.5,"[""corporate"",""bag"",""packaging"",""carrier bag""]","[""Black""]",[]
Laptop Sleeve,laptop-sleeve,A premium executive accessory designed to add a touch of elegance to any office desk or home workspace. Crafted with attention to detail and high-quality materials.,1500,,,[],TRUE,TRUE,100,ACC-118,published,0.5,"[""corporate""]","[""Blue"",""Black""]",[]
Wall Clock 6802E,wall-clock-6802e,A premium executive accessory designed to add a touch of elegance to any office desk or home workspace. Crafted with attention to detail and high-quality materials.,1200,,,[],TRUE,TRUE,100,CLK-119,published,0.5,"[""corporate""]","[""Black"",""White""]",[]
Beer Opener,beer-opener,A premium executive accessory designed to add a touch of elegance to any office desk or home workspace. Crafted with attention to detail and high-quality materials.,99,,,[],TRUE,TRUE,100,ACC-120,published,0.5,"[""corporate""]",[],[]
Classy Portrait Gift Bag,classy-portrait-gift-bag,"A premium laminated paper carrier bag, perfect for retail packaging, corporate events, and branded gifting. Sturdy, stylish, and an elegant finishing touch for any gift.",300,,,[],TRUE,TRUE,100,BAG-121,published,0.5,"[""corporate"",""bag"",""packaging"",""carrier bag""]",[],"[""H 33cm L 26cm W 17cm""]"
Skinfeel Set 010,skinfeel-set-010,"A luxurious corporate gift set curated for maximum impact. Features premium matching accessories presented in an elegant box. Perfect for executive gifting, client appreciation, and employee milestones.",2740,,,[],TRUE,TRUE,100,SET-122,published,0.5,"[""corporate"",""gift set"",""premium""]","[""Blue"",""Red"",""Green""]",[]
White A5 Carrier Bag,white-a5-carrier-bag,"A premium laminated paper carrier bag, perfect for retail packaging, corporate events, and branded gifting. Sturdy, stylish, and an elegant finishing touch for any gift.",70,,,[],TRUE,TRUE,100,BAG-026,published,0.5,"[""corporate"",""bag"",""packaging"",""carrier bag""]","[""White""]","[""A5 Portrait Laminated""]"
Cocktail Tumblers,cocktail-tumblers,"A premium thermal flask designed to maintain the perfect temperature for your hot or cold beverages. Crafted for durability and style, making it an excellent companion for the office or outdoor adventures.",690,,,[],TRUE,TRUE,100,FLK-123,published,0.5,"[""corporate"",""flask"",""drinkware""]","[""Mint Green"",""Red"",""Pink""]",[]
Checked Set 001,checked-set-001,"A luxurious corporate gift set curated for maximum impact. Features premium matching accessories presented in an elegant box. Perfect for executive gifting, client appreciation, and employee milestones.",2550,,,[],TRUE,TRUE,100,SET-124,published,0.5,"[""corporate"",""gift set"",""premium""]","[""Gray"",""Red"",""Black"",""Blue""]",[]
Oval Metalic Keyring,oval-metalic-keyring,"A premium customized keyring crafted with care. An excellent personalized accessory for your keys, making it a thoughtful small corporate gift or personal keepsake.",120,,,[],TRUE,TRUE,100,ACC-125,published,0.5,"[""corporate""]",[],[]
Baoke Pen,baoke-pen,"A high-quality, professional executive pen designed for smooth writing. Perfect for corporate branding, daily office use, and client gifting.",55,,,[],TRUE,TRUE,100,PEN-126,published,0.5,"[""corporate"",""pen"",""stationery"",""branding""]","[""Black""]",[]
Novac Giftset 004,novac-giftset-004,"A luxurious corporate gift set curated for maximum impact. Features premium matching accessories presented in an elegant box. Perfect for executive gifting, client appreciation, and employee milestones.",2685,,,[],TRUE,TRUE,100,SET-127,published,0.5,"[""corporate"",""gift set"",""premium""]","[""Red"",""Blue"",""Black"",""White"",""Grey"",""Green""]",[]
Tote Bags,tote-bags,"A premium eco-friendly reusable bag crafted from natural materials. Ideal for corporate events, branded gifting, and sustainable retail packaging. Customizable with your logo for a lasting impression.",400,,,[],TRUE,TRUE,100,BAG-035,published,0.5,"[""corporate"",""bag"",""packaging"",""carrier bag""]","[""White with Cream"",""White with Black""]",[]
Fire Extinguisher Mini-Bar Set,fire-extinguisher-mini-bar-set,"A beautifully crafted wooden desk organizer designed to bring warmth and structure to your workspace. Perfect for executive offices, corporate gifts, and stylish home setups.",8500,,,[],TRUE,TRUE,100,DEC-128,published,0.5,"[""corporate"",""desk"",""office"",""decor"",""organizer""]",[],[]
Bamboo Notebook Pen Set,bamboo-notebook-pen-set,"A luxurious corporate gift set curated for maximum impact. Features premium matching accessories presented in an elegant box. Perfect for executive gifting, client appreciation, and employee milestones.",780,,,[],TRUE,TRUE,100,SET-129,published,0.5,"[""corporate"",""gift set"",""premium""]","[""Black"",""Grey"",""Green""]",[]
code 007,code-007,"A high-quality, professional executive pen designed for smooth writing. Perfect for corporate branding, daily office use, and client gifting.",85,,,[],TRUE,TRUE,100,PEN-176,published,0.5,"[""corporate"",""pen"",""stationery"",""branding""]","[""Red"",""Grey"",""Royal Blue"",""Green""]",[]
Notebook code -025,notebook-code-025,"An elegant and professional A5 executive notebook. Features a premium finish, secure closure, and high-quality lined pages. The perfect corporate gift for meetings, journaling, and daily organization.",390,,,[],TRUE,TRUE,100,NBK-177,published,0.5,"[""corporate"",""notebook"",""stationery""]","[""Cyan"",""Grey"",""Black"",""Red"",""Navy Blue""]",[]
CLICK METAL PEN,click-metal-pen,"A high-quality, professional executive pen designed for smooth writing. Perfect for corporate branding, daily office use, and client gifting.",80,,,[],TRUE,TRUE,100,PEN-179,published,0.5,"[""corporate"",""pen"",""stationery"",""branding""]","[""Blue"",""Green"",""Red"",""Gray"",""Silver""]",[]
KNY-20 CRYSTAL AWARD,kny-20-crystal-award,"A stunning crystal award crafted with precision and elegance. Ideal for recognizing employee excellence, corporate milestones, and distinguished achievement. Fully customizable with your logo or engraving.",4000,,,[],TRUE,TRUE,100,AWD-180,published,0.5,"[""corporate"",""award"",""trophy"",""crystal"",""recognition""]",[],[]
Eco-Base Pen Set,eco-base-pen-set,A premium corporate pen set curated for maximum impact. Features eco-friendly matching accessories presented in an elegant box.,780,,,[],TRUE,TRUE,100,SET-254,published,0.5,"[""corporate"", ""pen set"", ""gift set""]","[""BLUE"", ""GREEN"", ""GREY"", ""BROWN"", ""CORK AND FABRIC""]",[]
Hipflask-03,hipflask-03,"A classic, sophisticated hipflask crafted from premium materials. Designed with elegance and discretion in mind. The perfect luxury gift for him for birthdays, anniversaries, or corporate milestones.",1200,,,[],TRUE,TRUE,100,HPF-181,published,0.5,"[""corporate"",""hipflask"",""drinkware""]","[""Blue""]",[]
0383 CRYSTAL AWARD,0383-crystal-award,"A stunning crystal award crafted with precision and elegance. Ideal for recognizing employee excellence, corporate milestones, and distinguished achievement. Fully customizable with your logo or engraving.",3000,,,[],TRUE,TRUE,100,AWD-182,published,0.5,"[""corporate"",""award"",""trophy"",""crystal"",""recognition""]",[],[]
Canvas Laptop Bags,canvas-laptop-bags,"A premium laminated paper carrier bag, perfect for retail packaging, corporate events, and branded gifting. Sturdy, stylish, and an elegant finishing touch for any gift.",2300,,,[],TRUE,TRUE,100,BAG-130,published,0.5,"[""corporate"",""bag"",""packaging"",""carrier bag""]","[""White"",""Black""]",[]
CODE P010,code-p010,A premium executive accessory designed to add a touch of elegance to any office desk or home workspace. Crafted with attention to detail and high-quality materials.,150,,,[],TRUE,TRUE,100,ACC-183,published,0.5,"[""corporate""]",[],[]
GOLD STRIP SET,gold-strip-set,"A luxurious corporate gift set curated for maximum impact. Features premium matching accessories presented in an elegant box. Perfect for executive gifting, client appreciation, and employee milestones.",2730,,,[],TRUE,TRUE,100,SET-184,published,0.5,"[""corporate"",""gift set"",""premium""]","[""Dark Blue"",""Gray"",""Black"",""Red""]",[]
code 638- 25 note book- pen set,code-638-25-note-book-pen-set,"A luxurious corporate gift set curated for maximum impact. Features premium matching accessories presented in an elegant box. Perfect for executive gifting, client appreciation, and employee milestones.",900,,,[],TRUE,TRUE,100,SET-185,published,0.5,"[""corporate"",""gift set"",""premium""]",[],[]
clock 21793,clock-21793,A premium executive accessory designed to add a touch of elegance to any office desk or home workspace. Crafted with attention to detail and high-quality materials.,2000,,,[],TRUE,TRUE,100,CLK-168,published,0.5,"[""corporate""]","[""Gold""]",[]
WOODEN LID WATER BOTTLE,wooden-lid-water-bottle,"A premium thermal flask designed to maintain the perfect temperature for your hot or cold beverages. Crafted for durability and style, making it an excellent companion for the office or outdoor adventures.",490,,,[],TRUE,TRUE,100,BOT-186,published,0.5,"[""corporate"",""flask"",""drinkware""]","[""Red"",""Black"",""White"",""Blue"",""Green"",""Orange"",""Purple"",""Pink""]",[]
6080 CRYSTAL AWARD,6080-crystal-award,"A stunning crystal award crafted with precision and elegance. Ideal for recognizing employee excellence, corporate milestones, and distinguished achievement. Fully customizable with your logo or engraving.",3500,,,[],TRUE,TRUE,100,AWD-187,published,0.5,"[""corporate"",""award"",""trophy"",""crystal"",""recognition""]",[],[]
CODE P005,code-p005,A premium executive accessory designed to add a touch of elegance to any office desk or home workspace. Crafted with attention to detail and high-quality materials.,180,,,[],TRUE,TRUE,100,ACC-188,published,0.5,"[""corporate""]","[""Black"",""Red"",""Blue"",""Grey"",""Brown"",""Beige""]",[]
POWERBANK NOTEBOOK,powerbank-notebook,"An elegant and professional A5 executive notebook. Features a premium finish, secure closure, and high-quality lined pages. The perfect corporate gift for meetings, journaling, and daily organization.",3500,,,[],TRUE,TRUE,100,NBK-189,published,0.5,"[""corporate"",""notebook"",""stationery""]","[""Black"",""Blue"",""Grey"",""Red"",""Orange""]",[]
Metalic Round Keyring,metalic-round-keyring,A premium metallic round keyring. Perfect for corporate gifting and branding.,120,,,[],TRUE,TRUE,100,ACC-271,published,0.5,"[""corporate"", ""keyring"", ""accessory""]",[],[]
CR013 CRYSTAL AWARD,cr013-crystal-award,"A stunning crystal award crafted with precision and elegance. Ideal for recognizing employee excellence, corporate milestones, and distinguished achievement. Fully customizable with your logo or engraving.",3500,,,[],TRUE,TRUE,100,AWD-190,published,0.5,"[""corporate"",""award"",""trophy"",""crystal"",""recognition""]",[],[]
GOLDBAR SET,goldbar-set,"A luxurious corporate gift set curated for maximum impact. Features premium matching accessories presented in an elegant box. Perfect for executive gifting, client appreciation, and employee milestones.",900,,,[],TRUE,TRUE,100,SET-191,published,0.5,"[""corporate"",""gift set"",""premium""]","[""Blue"",""Grey"",""Red"",""Brown""]",[]
CORCK BOTTOM SET,corck-bottom-set,"A luxurious corporate gift set curated for maximum impact. Features premium matching accessories presented in an elegant box. Perfect for executive gifting, client appreciation, and employee milestones.",2590,,,[],TRUE,TRUE,100,SET-192,published,0.5,"[""corporate"",""gift set"",""premium""]","[""Orange"",""Black"",""Red"",""Gray"",""Green""]",[]
AFRICA CRYSTAL AWARD,africa-crystal-award,"A stunning crystal award crafted with precision and elegance. Ideal for recognizing employee excellence, corporate milestones, and distinguished achievement. Fully customizable with your logo or engraving.",4500,,,[],TRUE,TRUE,100,AWD-193,published,0.5,"[""corporate"",""award"",""trophy"",""crystal"",""recognition""]",[],[]
WAVES SET 001,waves-set-001,"A luxurious corporate gift set curated for maximum impact. Features premium matching accessories presented in an elegant box. Perfect for executive gifting, client appreciation, and employee milestones.",2600,,,[],TRUE,TRUE,100,SET-194,published,0.5,"[""corporate"",""gift set"",""premium""]","[""Red"",""Blue"",""Gray"",""Brown""]",[]
DIAMOND TUMBLER SET,diamond-tumbler-set,"A luxurious corporate gift set curated for maximum impact. Features premium matching accessories presented in an elegant box. Perfect for executive gifting, client appreciation, and employee milestones.",2700,,,[],TRUE,TRUE,100,SET-195,published,0.5,"[""corporate"",""gift set"",""premium""]","[""Red"",""Blue"",""Black"",""Grey"",""Green""]",[]
NEW JAVA MUGS,new-java-mugs,"A high-quality, insulated mug featuring a comfortable handle and secure lid. Perfect for keeping your morning coffee hot or your evening tea warm while working at the desk.",830,,,[],TRUE,TRUE,100,MUG-196,published,0.5,"[""corporate""]","[""Turquoise"",""Red"",""Black"",""Navy Blue"",""Royal Blue"",""Jungle Green""]",[]
ECO-SIDE PEN SET,eco-side-pen-set,"A luxurious corporate gift set curated for maximum impact. Features premium matching accessories presented in an elegant box. Perfect for executive gifting, client appreciation, and employee milestones.",780,,,[],TRUE,TRUE,100,SET-197,published,0.5,"[""corporate"",""gift set"",""premium""]","[""Black"",""White"",""Green"",""Red"",""Brown"",""Grey"",""Orange""]",[]
KNY-10 CRYSTAL AWARD,kny-10-crystal-award,"A stunning crystal award crafted with precision and elegance. Ideal for recognizing employee excellence, corporate milestones, and distinguished achievement. Fully customizable with your logo or engraving.",3500,,,[],TRUE,TRUE,100,AWD-198,published,0.5,"[""corporate"",""award"",""trophy"",""crystal"",""recognition""]",[],[]
B5 U-BUCKLE NOTEBOOK,b5-u-buckle-notebook,"An elegant and professional A5 executive notebook. Features a premium finish, secure closure, and high-quality lined pages. The perfect corporate gift for meetings, journaling, and daily organization.",750,,,[],TRUE,TRUE,100,NBK-199,published,0.5,"[""corporate"",""notebook"",""stationery""]","[""Red""]",[]
DUAL FLASKS SET 008,dual-flasks-set-008,"A luxurious corporate gift set curated for maximum impact. Features premium matching accessories presented in an elegant box. Perfect for executive gifting, client appreciation, and employee milestones.",2470,,,[],TRUE,TRUE,100,SET-200,published,0.5,"[""corporate"",""gift set"",""premium""]","[""Grey"",""Black"",""White"",""Red"",""Blue""]",[]
NOTEBOOK E59,notebook-e59,"An elegant and professional A5 executive notebook. Features a premium finish, secure closure, and high-quality lined pages. The perfect corporate gift for meetings, journaling, and daily organization.",450,,,[],TRUE,TRUE,100,NBK-201,published,0.5,"[""corporate"",""notebook"",""stationery""]","[""Gray"",""Red"",""Blue"",""Black""]",[]
EXECUTIVE CARDHOLDER,executive-cardholder,A premium executive accessory designed to add a touch of elegance to any office desk or home workspace. Crafted with attention to detail and high-quality materials.,250,,,[],TRUE,TRUE,100,ACC-202,published,0.5,"[""corporate""]","[""Red"",""Blue"",""Black""]",[]
UN868,un868,"A stunning crystal award crafted with precision and elegance. Ideal for recognizing employee excellence, corporate milestones, and distinguished achievement. Fully customizable with your logo or engraving.",4000,,,[],TRUE,TRUE,100,AWD-203,published,0.5,"[""corporate"",""award"",""trophy"",""crystal"",""recognition""]",[],[]
Notebook code- E105,notebook-code-e105,"An elegant and professional A5 executive notebook. Features a premium finish, secure closure, and high-quality lined pages. The perfect corporate gift for meetings, journaling, and daily organization.",550,,,[],TRUE,TRUE,100,NBK-204,published,0.5,"[""corporate"",""notebook"",""stationery""]","[""Black"",""Green"",""Blue"",""Red"",""Grey""]",[]
Code 013,code-013,"A high-quality, professional executive pen designed for smooth writing. Perfect for corporate branding, daily office use, and client gifting.",150,,,[],TRUE,TRUE,100,PEN-205,published,0.5,"[""corporate"",""pen"",""stationery"",""branding""]","[""Red""]",[]
BAMBOO NOTEBOOKS,bamboo-notebooks,"An eco-friendly, premium executive notebook designed for professionals who value sustainability. Features high-quality pages and a stunning, durable cover for all your planning and journaling needs.",400,,,[],TRUE,TRUE,100,NBK-206,published,0.5,"[""corporate"",""notebook"",""stationery""]","[""Black"",""Green"",""Blue"",""Red"",""Brown""]",[]
NOVA GIFT SET 002,nova-gift-set-002,"A luxurious corporate gift set curated for maximum impact. Features premium matching accessories presented in an elegant box. Perfect for executive gifting, client appreciation, and employee milestones.",2390,,,[],TRUE,TRUE,100,SET-207,published,0.5,"[""corporate"",""gift set"",""premium""]","[""Orange"",""Red"",""Blue"",""Grey"",""Black""]",[]
Dual Set 008,dual-set-008,A premium dual set presented in an elegant box featuring matching accessories.,2280,,,[],TRUE,TRUE,100,SET-258,published,0.5,"[""corporate"", ""gift set""]","[""RED"", ""GREY""]",[]
CR023 CRYSTAL AWARD,cr023-crystal-award,"A stunning crystal award crafted with precision and elegance. Ideal for recognizing employee excellence, corporate milestones, and distinguished achievement. Fully customizable with your logo or engraving.",4900,,,[],TRUE,TRUE,100,AWD-208,published,0.5,"[""corporate"",""award"",""trophy"",""crystal"",""recognition""]",[],[]
BLACK CARRIER A4 BAG,black-carrier-a4-bag,"A premium laminated paper carrier bag, perfect for retail packaging, corporate events, and branded gifting. Sturdy, stylish, and an elegant finishing touch for any gift.",130,,,[],TRUE,TRUE,100,BAG-209,published,0.5,"[""corporate"",""bag"",""packaging"",""carrier bag""]",[],"[""H 31cm L 27cm W 11cm""]"
STANLEY MUG STRAWS,stanley-mug-straws,A premium executive accessory designed to add a touch of elegance to any office desk or home workspace. Crafted with attention to detail and high-quality materials.,200,,,[],TRUE,TRUE,100,ACC-210,published,0.5,"[""corporate""]",[],[]
A3 Landscape Canvas With Ribbon Jute Bag,a3-landscape-canvas-with-ribbon-jute-bag,"A premium eco-friendly reusable bag crafted from natural materials. Ideal for corporate events, branded gifting, and sustainable retail packaging. Customizable with your logo for a lasting impression.",650,,,[],TRUE,TRUE,100,BAG-034,published,0.5,"[""corporate"",""bag"",""packaging"",""carrier bag""]","[""Blue"",""Red"",""Green"",""Black""]","[""A3 Landscape""]"
GOLDBAR SET 001,goldbar-set-001,"A luxurious corporate gift set curated for maximum impact. Features premium matching accessories presented in an elegant box. Perfect for executive gifting, client appreciation, and employee milestones.",2600,,,[],TRUE,TRUE,100,SET-211,published,0.5,"[""corporate"",""gift set"",""premium""]","[""Red"",""Green"",""Blue"",""Gray""]",[]
Hipflask-05,hipflask-05,"A classic, sophisticated hipflask crafted from premium materials. Designed with elegance and discretion in mind. The perfect luxury gift for him for birthdays, anniversaries, or corporate milestones.",1200,,,[],TRUE,TRUE,100,HPF-212,published,0.5,"[""corporate"",""hipflask"",""drinkware""]","[""Black""]",[]
STANLEY MUG 1.4L,stanley-mug-1-4l,"A premium thermal flask designed to maintain the perfect temperature for your hot or cold beverages. Crafted for durability and style, making it an excellent companion for the office or outdoor adventures.",1200,,,[],TRUE,TRUE,100,FLK-213,published,0.5,"[""corporate"",""flask"",""drinkware""]","[""Black"",""White"",""Pink"",""Ash Grey"",""Mocka"",""Baby Blue""]","[""1.4L""]"
NOVAC FLASK,novac-flask,"A premium thermal flask designed to maintain the perfect temperature for your hot or cold beverages. Crafted for durability and style, making it an excellent companion for the office or outdoor adventures.",850,,,[],TRUE,TRUE,100,FLK-214,published,0.5,"[""corporate"",""flask"",""drinkware""]","[""Red"",""Blue"",""Orange"",""Grey"",""White"",""Turquoise""]",[]
15cm*15cm small heat press machine,15cm-15cm-small-heat-press-machine,"A high-quality, professional grade machine to support your customized branding and printing business.",19000,,,[],TRUE,TRUE,100,MAC-215,published,0.5,"[""corporate"",""machine"",""printing"",""equipment""]",[],[]
LID GIFT BOX,lid-gift-box,"A premium, sturdy gift box designed to elevate any present. Features an elegant finish and secure closure to ensure your gift makes a stunning first impression before it is even opened.",600,,,[],TRUE,TRUE,100,BOX-216,published,0.5,"[""corporate"",""gift box"",""packaging""]","[""White"",""Black"",""Red"",""Grey/Silver"",""Gold""]","[""L=33cm W=24cm H=12cm""]"
WOODBASE AND TOP GIFTSET 004,woodbase-and-top-giftset-004,"A luxurious corporate gift set curated for maximum impact. Features premium matching accessories presented in an elegant box. Perfect for executive gifting, client appreciation, and employee milestones.",2490,,,[],TRUE,TRUE,100,SET-217,published,0.5,"[""corporate"",""gift set"",""premium""]","[""White"",""Red"",""Blue"",""Green"",""Grey""]",[]
SPORTY WATER BOTTLE,sporty-water-bottle,"A premium thermal flask designed to maintain the perfect temperature for your hot or cold beverages. Crafted for durability and style, making it an excellent companion for the office or outdoor adventures.",490,,,[],TRUE,TRUE,100,BOT-218,published,0.5,"[""corporate"",""flask"",""drinkware""]","[""Black"",""White"",""Red"",""Pink""]",[]
E30 notebook pen set,e30-notebook-pen-set,"A luxurious corporate gift set curated for maximum impact. Features premium matching accessories presented in an elegant box. Perfect for executive gifting, client appreciation, and employee milestones.",950,,,[],TRUE,TRUE,100,SET-219,published,0.5,"[""corporate"",""gift set"",""premium""]","[""Black"",""Blue"",""Jungle Green""]",[]
clock 22569,clock-22569,A premium executive accessory designed to add a touch of elegance to any office desk or home workspace. Crafted with attention to detail and high-quality materials.,2000,,,[],TRUE,TRUE,100,CLK-220,published,0.5,"[""corporate""]",[],[]
TALL THERMAL FLASK,tall-thermal-flask,"A premium thermal flask designed to maintain the perfect temperature for your hot or cold beverages. Crafted for durability and style, making it an excellent companion for the office or outdoor adventures.",800,,,[],TRUE,TRUE,100,FLK-221,published,0.5,"[""corporate"",""flask"",""drinkware""]","[""Orange""]",[]
WAVES SET,waves-set,"A luxurious corporate gift set curated for maximum impact. Features premium matching accessories presented in an elegant box. Perfect for executive gifting, client appreciation, and employee milestones.",900,,,[],TRUE,TRUE,100,SET-222,published,0.5,"[""corporate"",""gift set"",""premium""]","[""Blue"",""Gray"",""Red"",""Brown""]",[]
Stairs Gift Box,stairs-gift-box,"A premium, sturdy gift box designed to elevate any present. Features an elegant finish and secure closure to ensure your gift makes a stunning first impression before it is even opened.",0,,,[],TRUE,TRUE,100,BOX-131,published,0.5,"[""corporate"",""gift box"",""packaging""]","[""Silver"",""Gold"",""Black"",""White""]","[""Size 1"",""Size 2"",""Size 3""]"
Smart Clock,smart-clock,A premium executive accessory designed to add a touch of elegance to any office desk or home workspace. Crafted with attention to detail and high-quality materials.,1800,,,[],TRUE,TRUE,100,CLK-132,published,0.5,"[""corporate""]",[],[]
Diamond Set 003,diamond-set-003,"A luxurious corporate gift set curated for maximum impact. Features premium matching accessories presented in an elegant box. Perfect for executive gifting, client appreciation, and employee milestones.",2600,,,[],TRUE,TRUE,100,SET-133,published,0.5,"[""corporate"",""gift set"",""premium""]","[""Red"",""Green"",""Blue"",""Gray""]",[]
Round Buckle Set023,round-buckle-set023,"A luxurious corporate gift set curated for maximum impact. Features premium matching accessories presented in an elegant box. Perfect for executive gifting, client appreciation, and employee milestones.",2505,,,[],TRUE,TRUE,100,SET-134,published,0.5,"[""corporate"",""gift set"",""premium""]","[""Black"",""Red"",""Green"",""Blue"",""Grey""]",[]
Starbuck Mugs,starbuck-mugs,"A high-quality, insulated mug featuring a comfortable handle and secure lid. Perfect for keeping your morning coffee hot or your evening tea warm while working at the desk.",800,,,[],TRUE,TRUE,100,MUG-135,published,0.5,"[""corporate""]","[""Pink""]",[]
Clock 22395,clock-22395,A premium executive accessory designed to add a touch of elegance to any office desk or home workspace. Crafted with attention to detail and high-quality materials.,2000,,,[],TRUE,TRUE,100,CLK-136,published,0.5,"[""corporate""]",[],[]
Coasters,coasters,A premium executive accessory designed to add a touch of elegance to any office desk or home workspace. Crafted with attention to detail and high-quality materials.,180,,,[],TRUE,TRUE,100,ACC-137,published,0.5,"[""corporate""]",[],"[""Round"",""Toothed"",""Square""]"
Wall Clock 22199,wall-clock-22199,A premium executive accessory designed to add a touch of elegance to any office desk or home workspace. Crafted with attention to detail and high-quality materials.,1200,,,[],TRUE,TRUE,100,CLK-138,published,0.5,"[""corporate""]","[""Silver"",""Black""]",[]
KNY-17 Crystal Award,kny-17-crystal-award,"A stunning crystal award crafted with precision and elegance. Ideal for recognizing employee excellence, corporate milestones, and distinguished achievement. Fully customizable with your logo or engraving.",4100,,,[],TRUE,TRUE,100,AWD-139,published,0.5,"[""corporate"",""award"",""trophy"",""crystal"",""recognition""]",[],[]
Rubber Hold Water Bottle,rubber-hold-water-bottle,"A premium thermal flask designed to maintain the perfect temperature for your hot or cold beverages. Crafted for durability and style, making it an excellent companion for the office or outdoor adventures.",500,,,[],TRUE,TRUE,100,BOT-140,published,0.5,"[""corporate"",""flask"",""drinkware""]","[""Black"",""White"",""Red""]",[]
40cm*50cm heat press machine,40cm-50cm-heat-press-machine,"A high-quality, professional grade machine to support your customized branding and printing business.",34000,,,[],TRUE,TRUE,100,MAC-141,published,0.5,"[""corporate"",""machine"",""printing"",""equipment""]",[],[]
KNY-25 Crystal Award,kny-25-crystal-award,"A stunning crystal award crafted with precision and elegance. Ideal for recognizing employee excellence, corporate milestones, and distinguished achievement. Fully customizable with your logo or engraving.",3800,,,[],TRUE,TRUE,100,AWD-142,published,0.5,"[""corporate"",""award"",""trophy"",""crystal"",""recognition""]",[],[]
WB271,wb271,"A stunning crystal award crafted with precision and elegance. Ideal for recognizing employee excellence, corporate milestones, and distinguished achievement. Fully customizable with your logo or engraving.",2800,,,[],TRUE,TRUE,100,AWD-143,published,0.5,"[""corporate"",""award"",""trophy"",""crystal"",""recognition""]",[],[]
Mountain Climber Crystal Award,mountain-climber-crystal-award,"A stunning crystal award crafted with precision and elegance. Ideal for recognizing employee excellence, corporate milestones, and distinguished achievement. Fully customizable with your logo or engraving.",5800,,,[],TRUE,TRUE,100,AWD-144,published,0.5,"[""corporate"",""award"",""trophy"",""crystal"",""recognition""]",[],[]
Visibility Pack,visibility-pack,"A luxurious corporate gift set curated for maximum impact. Features premium matching accessories presented in an elegant box. Perfect for executive gifting, client appreciation, and employee milestones.",2280,,,[],TRUE,TRUE,100,SET-145,published,0.5,"[""corporate"",""gift set"",""premium""]",[],[]
Stylish Acrylic Pen Case,stylish-acrylic-pen-case,A premium executive accessory designed to add a touch of elegance to any office desk or home workspace. Crafted with attention to detail and high-quality materials.,100,,,[],TRUE,TRUE,100,ACC-146,published,0.5,"[""corporate""]",[],[]
Ceramic Mug,ceramic-mug,"A high-quality, insulated mug featuring a comfortable handle and secure lid. Perfect for keeping your morning coffee hot or your evening tea warm while working at the desk.",160,,,[],TRUE,TRUE,100,MUG-147,published,0.5,"[""corporate""]","[""White""]",[]
Boba Thermal Flask,boba-thermal-flask,"A premium thermal flask designed to maintain the perfect temperature for your hot or cold beverages. Crafted for durability and style, making it an excellent companion for the office or outdoor adventures.",800,,,[],TRUE,TRUE,100,FLK-148,published,0.5,"[""corporate"",""flask"",""drinkware""]","[""Blue""]",[]
Code P004,code-p004,A premium executive accessory designed to add a touch of elegance to any office desk or home workspace. Crafted with attention to detail and high-quality materials.,150,,,[],TRUE,TRUE,100,ACC-149,published,0.5,"[""corporate""]","[""Black"",""Red"",""Blue"",""Brown""]",[]
Wave A5 Notebook,wave-a5-notebook,"An elegant and professional A5 executive notebook. Features a premium finish, secure closure, and high-quality lined pages. The perfect corporate gift for meetings, journaling, and daily organization.",450,,,[],TRUE,TRUE,100,NBK-150,published,0.5,"[""corporate"",""notebook"",""stationery""]","[""Blue"",""Brown"",""Red"",""Grey""]",[]
Long Neck Thermal Flask,long-neck-thermal-flask,"A premium thermal flask designed to maintain the perfect temperature for your hot or cold beverages. Crafted for durability and style, making it an excellent companion for the office or outdoor adventures.",1000,,,[],TRUE,TRUE,100,FLK-151,published,0.5,"[""corporate"",""flask"",""drinkware""]","[""Red"",""Black"",""White""]","[""800ml""]"
Code P008,code-p008,A premium executive accessory designed to add a touch of elegance to any office desk or home workspace. Crafted with attention to detail and high-quality materials.,150,,,[],TRUE,TRUE,100,ACC-152,published,0.5,"[""corporate""]",[],[]
Code P006,code-p006,A premium executive accessory designed to add a touch of elegance to any office desk or home workspace. Crafted with attention to detail and high-quality materials.,180,,,[],TRUE,TRUE,100,ACC-153,published,0.5,"[""corporate""]","[""Black"",""Red"",""Blue"",""Grey"",""Brown""]",[]
Luxury White A4 Bags,luxury-white-a4-bags,"A premium laminated paper carrier bag, perfect for retail packaging, corporate events, and branded gifting. Sturdy, stylish, and an elegant finishing touch for any gift.",110,,,[],TRUE,TRUE,100,BAG-154,published,0.5,"[""corporate"",""bag"",""packaging"",""carrier bag""]","[""White""]","[""H 25cm L 30cm W 12cm""]"
Hipflask-01,hipflask-01,"A classic, sophisticated hipflask crafted from premium materials. Designed with elegance and discretion in mind. The perfect luxury gift for him for birthdays, anniversaries, or corporate milestones.",1500,,,[],TRUE,TRUE,100,HPF-155,published,0.5,"[""corporate"",""hipflask"",""drinkware""]","[""Beige""]",[]
Novac Set 006,novac-set-006,"A luxurious corporate gift set curated for maximum impact. Features premium matching accessories presented in an elegant box. Perfect for executive gifting, client appreciation, and employee milestones.",2570,,,[],TRUE,TRUE,100,SET-156,published,0.5,"[""corporate"",""gift set"",""premium""]","[""Black"",""Red"",""Gray""]",[]
Woodbase and Top Giftset 003,woodbase-and-top-giftset-003,"A luxurious corporate gift set curated for maximum impact. Features premium matching accessories presented in an elegant box. Perfect for executive gifting, client appreciation, and employee milestones.",2490,,,[],TRUE,TRUE,100,SET-157,published,0.5,"[""corporate"",""gift set"",""premium""]","[""Black"",""Red"",""Blue"",""Green""]",[]
Rectangular Magnetic Name Tag,rectangular-magnetic-name-tag,A premium executive accessory designed to add a touch of elegance to any office desk or home workspace. Crafted with attention to detail and high-quality materials.,100,,,[],TRUE,TRUE,100,ACC-031,published,0.5,"[""corporate""]",[],[]
Notebook code-698,notebook-code-698,"An elegant and professional A5 executive notebook. Features a premium finish, secure closure, and high-quality lined pages. The perfect corporate gift for meetings, journaling, and daily organization.",395,,,[],TRUE,TRUE,100,NBK-158,published,0.5,"[""corporate"",""notebook"",""stationery""]","[""Black"",""Red"",""Green"",""Blue"",""Grey""]",[]
Executive Metal Pen,executive-metal-pen,"A high-quality, professional executive pen designed for smooth writing. Perfect for corporate branding, daily office use, and client gifting.",100,,,[],TRUE,TRUE,100,PEN-159,published,0.5,"[""corporate"",""pen"",""stationery"",""branding""]","[""Blue"",""Red"",""Gold"",""Silver"",""Orange"",""Green""]",[]
Aluminium Water Bottles,aluminium-water-bottles,"A premium thermal flask designed to maintain the perfect temperature for your hot or cold beverages. Crafted for durability and style, making it an excellent companion for the office or outdoor adventures.",490,,,[],TRUE,TRUE,100,BOT-160,published,0.5,"[""corporate"",""flask"",""drinkware""]","[""Red""]",[]
Multicolored A4 Carrier Bag,multicolored-a4-carrier-bag,"A premium laminated paper carrier bag, perfect for retail packaging, corporate events, and branded gifting. Sturdy, stylish, and an elegant finishing touch for any gift.",120,,,[],TRUE,TRUE,100,BAG-025,published,0.5,"[""corporate"",""bag"",""packaging"",""carrier bag""]",[],"[""A4 Portrait Laminated""]"
Arm Stand Clock,arm-stand-clock,A premium executive accessory designed to add a touch of elegance to any office desk or home workspace. Crafted with attention to detail and high-quality materials.,600,,,[],TRUE,TRUE,100,CLK-161,published,0.5,"[""corporate""]",[],[]
Round Buckle Set 002,round-buckle-set-002,"A luxurious corporate gift set curated for maximum impact. Features premium matching accessories presented in an elegant box. Perfect for executive gifting, client appreciation, and employee milestones.",2735,,,[],TRUE,TRUE,100,SET-162,published,0.5,"[""corporate"",""gift set"",""premium""]","[""Red"",""Gray"",""Blue"",""Black""]",[]
Old Java Mug,old-java-mug,"A high-quality, insulated mug featuring a comfortable handle and secure lid. Perfect for keeping your morning coffee hot or your evening tea warm while working at the desk.",800,,,[],TRUE,TRUE,100,MUG-163,published,0.5,"[""corporate""]","[""Black"",""White"",""Blue"",""Green"",""Turquoise"",""Red""]",[]
KNY-18 Crystal Award,kny-18-crystal-award,"A stunning crystal award crafted with precision and elegance. Ideal for recognizing employee excellence, corporate milestones, and distinguished achievement. Fully customizable with your logo or engraving.",3500,,,[],TRUE,TRUE,100,AWD-164,published,0.5,"[""corporate"",""award"",""trophy"",""crystal"",""recognition""]",[],[]
clock 22914,clock-22914,A premium executive accessory designed to add a touch of elegance to any office desk or home workspace. Crafted with attention to detail and high-quality materials.,1350,,,[],TRUE,TRUE,100,CLK-165,published,0.5,"[""corporate""]","[""Brown"",""Gold""]",[]
Sport Water Bottles,sport-water-bottles,"A premium thermal flask designed to maintain the perfect temperature for your hot or cold beverages. Crafted for durability and style, making it an excellent companion for the office or outdoor adventures.",490,,,[],TRUE,TRUE,100,BOT-166,published,0.5,"[""corporate"",""flask"",""drinkware""]","[""Black"",""White"",""Red"",""Pink""]",[]
Gold Strip Gift Set,gold-strip-gift-set,"A luxurious corporate gift set curated for maximum impact. Features premium matching accessories presented in an elegant box. Perfect for executive gifting, client appreciation, and employee milestones.",2730,,,[],TRUE,TRUE,100,SET-167,published,0.5,"[""corporate"",""gift set"",""premium""]","[""Blue"",""Grey"",""Black"",""Red""]",[]
Woodbase Eco-Notebooks,woodbase-eco-notebooks,"An eco-friendly, premium executive notebook designed for professionals who value sustainability. Features high-quality pages and a stunning, durable cover for all your planning and journaling needs.",400,,,[],TRUE,TRUE,100,NBK-169,published,0.5,"[""corporate"",""notebook"",""stationery""]","[""White"",""Black"",""Grey"",""Brown"",""Green"",""Orange""]","[""A5""]"
2 ring gold,2-ring-gold,"A high-quality, professional executive pen designed for smooth writing. Perfect for corporate branding, daily office use, and client gifting.",100,,,[],TRUE,TRUE,100,PEN-170,published,0.5,"[""corporate"",""pen"",""stationery"",""branding""]","[""Gold"",""Red"",""Navy Blue"",""Royal Blue"",""Black"",""White""]",[]
Goldrim Tumbler Straw,goldrim-tumbler-straw,A premium executive accessory designed to add a touch of elegance to any office desk or home workspace. Crafted with attention to detail and high-quality materials.,200,,,[],TRUE,TRUE,100,ACC-171,published,0.5,"[""corporate""]",[],[]
click plastic pen,click-plastic-pen,"A high-quality, professional executive pen designed for smooth writing. Perfect for corporate branding, daily office use, and client gifting.",20,,,[],TRUE,TRUE,100,PEN-172,published,0.5,"[""corporate"",""pen"",""stationery"",""branding""]","[""Blue"",""Red"",""Black"",""White"",""Green""]",[]
Eco- Cup,eco-cup,"A high-quality, insulated mug featuring a comfortable handle and secure lid. Perfect for keeping your morning coffee hot or your evening tea warm while working at the desk.",450,,,[],TRUE,TRUE,100,MUG-173,published,0.5,"[""corporate""]","[""White"",""Black""]",[]
Luxury Pens,luxury-pens,"A high-quality, professional executive pen designed for smooth writing. Perfect for corporate branding, daily office use, and client gifting.",299,,,[],TRUE,TRUE,100,PEN-174,published,0.5,"[""corporate"",""pen"",""stationery"",""branding""]","[""Blue"",""Red""]",[]
Magic Mugs,magic-mugs,"A high-quality, insulated mug featuring a comfortable handle and secure lid. Perfect for keeping your morning coffee hot or your evening tea warm while working at the desk.",210,,,[],TRUE,TRUE,100,MUG-018,published,0.5,"[""corporate""]","[""Blue"",""Red""]",[]
B5 Bamboo Flap Notebook,b5-bamboo-flap-notebook,"An eco-friendly, premium executive notebook designed for professionals who value sustainability. Features high-quality pages and a stunning, durable cover for all your planning and journaling needs.",690,,,[],TRUE,TRUE,100,NBK-175,published,0.5,"[""corporate"",""notebook"",""stationery""]","[""Orange"",""Red"",""Blue"",""Green"",""Black""]","[""B5""]"
UN862,un862,"A stunning crystal award crafted with precision and elegance. Ideal for recognizing employee excellence, corporate milestones, and distinguished achievement. Fully customizable with your logo or engraving.",4500,,,[],TRUE,TRUE,100,AWD-223,published,0.5,"[""corporate"",""award"",""trophy"",""crystal"",""recognition""]",[],[]
A5 Curved Notebooks,a5-curved-notebooks,"An elegant and professional A5 executive notebook. Features a premium finish, secure closure, and high-quality lined pages. The perfect corporate gift for meetings, journaling, and daily organization.",550,,,[],TRUE,TRUE,100,NBK-224,published,0.5,"[""corporate"",""notebook"",""stationery""]","[""Royal Blue"",""Light Blue"",""Grey"",""Green"",""Brown"",""Black"",""Orange"",""Red""]",[]
Bamboo BT Speaker,bamboo-bt-speaker,"A premium eco-friendly bamboo Bluetooth speaker with seamless 5.0 connectivity up to 33ft. A high-quality, sustainable tech gift that combines natural aesthetics with powerful sound performance.",750,,,[],TRUE,TRUE,100,TCH-030,published,0.5,"[""corporate"",""tech"",""speaker"",""bluetooth"",""bamboo""]",[],[]
Silver Buckle Set,silver-buckle-set,"A luxurious corporate gift set curated for maximum impact. Features premium matching accessories presented in an elegant box. Perfect for executive gifting, client appreciation, and employee milestones.",900,,,[],TRUE,TRUE,100,SET-225,published,0.5,"[""corporate"",""gift set"",""premium""]","[""Black"",""Blue"",""Red"",""Brown"",""Grey""]",[]
2 Tone Mugs,2-tone-mugs,"A high-quality, insulated mug featuring a comfortable handle and secure lid. Perfect for keeping your morning coffee hot or your evening tea warm while working at the desk.",180,,,[],TRUE,TRUE,100,MUG-017,published,0.5,"[""corporate""]","[""Red"",""Blue"",""Green"",""Orange"",""Yellow""]",[]
Charger Kit,charger-kit,A premium executive accessory designed to add a touch of elegance to any office desk or home workspace. Crafted with attention to detail and high-quality materials.,350,,,[],TRUE,TRUE,100,ACC-021,published,0.5,"[""corporate""]",[],"[""Square"",""Round""]"
Code 012,code-012,"A high-quality, professional executive pen designed for smooth writing. Perfect for corporate branding, daily office use, and client gifting.",150,,,[],TRUE,TRUE,100,PEN-226,published,0.5,"[""corporate"",""pen"",""stationery"",""branding""]","[""Green""]",[]
Diamond Tumbler,diamond-tumbler,"A premium thermal flask designed to maintain the perfect temperature for your hot or cold beverages. Crafted for durability and style, making it an excellent companion for the office or outdoor adventures.",850,,,[],TRUE,TRUE,100,FLK-227,published,0.5,"[""corporate"",""flask"",""drinkware""]","[""Black"",""White"",""Royal Blue"",""Navy Blue"",""Green"",""Red""]",[]
clock 2856- 1,clock-2856-1,A premium executive accessory designed to add a touch of elegance to any office desk or home workspace. Crafted with attention to detail and high-quality materials.,2000,,,[],TRUE,TRUE,100,CLK-228,published,0.5,"[""corporate""]",[],[]
E105 Notebook - pen set,e105-notebook-pen-set,"A luxurious corporate gift set curated for maximum impact. Features premium matching accessories presented in an elegant box. Perfect for executive gifting, client appreciation, and employee milestones.",950,,,[],TRUE,TRUE,100,SET-229,published,0.5,"[""corporate"",""gift set"",""premium""]",[],[]
Hip Flask 06,hip-flask-06,"A classic, sophisticated hipflask crafted from premium materials. Designed with elegance and discretion in mind. The perfect luxury gift for him for birthdays, anniversaries, or corporate milestones.",2100,,,[],TRUE,TRUE,100,HPF-230,published,0.5,"[""corporate"",""hipflask"",""drinkware""]","[""Brown""]",[]
Sheriff's Shield Crystal Award,sheriff-s-shield-crystal-award,"A stunning crystal award crafted with precision and elegance. Ideal for recognizing employee excellence, corporate milestones, and distinguished achievement. Fully customizable with your logo or engraving.",7400,,,[],TRUE,TRUE,100,AWD-231,published,0.5,"[""corporate"",""award"",""trophy"",""crystal"",""recognition""]",[],[]
Tea Handle Mug,tea-handle-mug,"A high-quality, insulated mug featuring a comfortable handle and secure lid. Perfect for keeping your morning coffee hot or your evening tea warm while working at the desk.",1200,,,[],TRUE,TRUE,100,MUG-232,published,0.5,"[""corporate""]","[""Black"",""White"",""Blue"",""Red"",""Grey"",""Green""]",[]
